cohort_month,cohort_month_name,cohort_index,active_customers,total_customers,retention_rate
2020-01,"Jan 2020",0,241,241,100.00%
2020-01,"Jan 2020",1,6,241,2.49%
2020-01,"Jan 2020",2,3,241,1.24%
2020-01,"Jan 2020",3,10,241,4.15%
2020-01,"Jan 2020",4,5,241,2.07%
2020-01,"Jan 2020",5,10,241,4.15%
2020-01,"Jan 2020",6,8,241,3.32%
2020-01,"Jan 2020",7,5,241,2.07%
2020-01,"Jan 2020",8,6,241,2.49%
2020-01,"Jan 2020",9,10,241,4.15%
2020-01,"Jan 2020",10,5,241,2.07%
2020-01,"Jan 2020",11,4,241,1.66%
2020-01,"Jan 2020",12,13,241,5.39%
2020-01,"Jan 2020",13,3,241,1.24%
2020-01,"Jan 2020",14,4,241,1.66%
2020-01,"Jan 2020",15,8,241,3.32%
2020-01,"Jan 2020",16,9,241,3.73%
2020-01,"Jan 2020",17,5,241,2.07%
2020-01,"Jan 2020",18,6,241,2.49%
2020-01,"Jan 2020",19,4,241,1.66%
2020-01,"Jan 2020",20,8,241,3.32%
2020-01,"Jan 2020",21,9,241,3.73%
2020-01,"Jan 2020",22,6,241,2.49%
2020-01,"Jan 2020",23,7,241,2.90%
2020-01,"Jan 2020",24,9,241,3.73%
2020-01,"Jan 2020",25,5,241,2.07%
2020-01,"Jan 2020",26,4,241,1.66%
2020-01,"Jan 2020",27,12,241,4.98%
2020-01,"Jan 2020",28,5,241,2.07%
2020-01,"Jan 2020",29,3,241,1.24%
2020-01,"Jan 2020",30,7,241,2.90%
2020-01,"Jan 2020",31,7,241,2.90%
2020-01,"Jan 2020",32,6,241,2.49%
2020-01,"Jan 2020",33,6,241,2.49%
2020-01,"Jan 2020",34,4,241,1.66%
2020-01,"Jan 2020",35,6,241,2.49%
2020-01,"Jan 2020",36,9,241,3.73%
2020-01,"Jan 2020",37,7,241,2.90%
2020-01,"Jan 2020",38,5,241,2.07%
2020-01,"Jan 2020",39,7,241,2.90%
2020-01,"Jan 2020",40,8,241,3.32%
2020-01,"Jan 2020",41,5,241,2.07%
2020-01,"Jan 2020",42,7,241,2.90%
2020-01,"Jan 2020",43,6,241,2.49%
2020-01,"Jan 2020",44,5,241,2.07%
2020-01,"Jan 2020",45,4,241,1.66%
2020-01,"Jan 2020",46,6,241,2.49%
2020-01,"Jan 2020",47,4,241,1.66%
2020-01,"Jan 2020",48,4,241,1.66%
2020-01,"Jan 2020",49,8,241,3.32%
2020-01,"Jan 2020",50,3,241,1.24%
2020-01,"Jan 2020",51,8,241,3.32%
2020-01,"Jan 2020",52,6,241,2.49%
2020-01,"Jan 2020",53,7,241,2.90%
2020-01,"Jan 2020",54,7,241,2.90%
2020-01,"Jan 2020",55,3,241,1.24%
2020-01,"Jan 2020",56,5,241,2.07%
2020-01,"Jan 2020",57,4,241,1.66%
2020-01,"Jan 2020",58,4,241,1.66%
2020-01,"Jan 2020",59,3,241,1.24%
2020-01,"Jan 2020",60,7,241,2.90%
2020-01,"Jan 2020",61,2,241,0.83%
2020-01,"Jan 2020",62,6,241,2.49%
2020-01,"Jan 2020",63,3,241,1.24%
2020-02,"Feb 2020",0,228,228,100.00%
2020-02,"Feb 2020",1,5,228,2.19%
2020-02,"Feb 2020",2,8,228,3.51%
2020-02,"Feb 2020",3,4,228,1.75%
2020-02,"Feb 2020",4,6,228,2.63%
2020-02,"Feb 2020",5,7,228,3.07%
2020-02,"Feb 2020",6,8,228,3.51%
2020-02,"Feb 2020",7,8,228,3.51%
2020-02,"Feb 2020",8,8,228,3.51%
2020-02,"Feb 2020",9,1,228,0.44%
2020-02,"Feb 2020",10,6,228,2.63%
2020-02,"Feb 2020",11,8,228,3.51%
2020-02,"Feb 2020",12,7,228,3.07%
2020-02,"Feb 2020",13,6,228,2.63%
2020-02,"Feb 2020",14,5,228,2.19%
2020-02,"Feb 2020",15,3,228,1.32%
2020-02,"Feb 2020",16,6,228,2.63%
2020-02,"Feb 2020",17,5,228,2.19%
2020-02,"Feb 2020",18,6,228,2.63%
2020-02,"Feb 2020",19,4,228,1.75%
2020-02,"Feb 2020",20,8,228,3.51%
2020-02,"Feb 2020",21,4,228,1.75%
2020-02,"Feb 2020",22,5,228,2.19%
2020-02,"Feb 2020",23,5,228,2.19%
2020-02,"Feb 2020",24,4,228,1.75%
2020-02,"Feb 2020",25,4,228,1.75%
2020-02,"Feb 2020",26,6,228,2.63%
2020-02,"Feb 2020",27,7,228,3.07%
2020-02,"Feb 2020",28,8,228,3.51%
2020-02,"Feb 2020",29,9,228,3.95%
2020-02,"Feb 2020",30,9,228,3.95%
2020-02,"Feb 2020",31,5,228,2.19%
2020-02,"Feb 2020",32,8,228,3.51%
2020-02,"Feb 2020",33,4,228,1.75%
2020-02,"Feb 2020",34,7,228,3.07%
2020-02,"Feb 2020",35,6,228,2.63%
2020-02,"Feb 2020",36,5,228,2.19%
2020-02,"Feb 2020",37,3,228,1.32%
2020-02,"Feb 2020",38,8,228,3.51%
2020-02,"Feb 2020",39,5,228,2.19%
2020-02,"Feb 2020",40,2,228,0.88%
2020-02,"Feb 2020",41,10,228,4.39%
2020-02,"Feb 2020",42,5,228,2.19%
2020-02,"Feb 2020",43,4,228,1.75%
2020-02,"Feb 2020",44,7,228,3.07%
2020-02,"Feb 2020",45,6,228,2.63%
2020-02,"Feb 2020",46,5,228,2.19%
2020-02,"Feb 2020",47,3,228,1.32%
2020-02,"Feb 2020",48,4,228,1.75%
2020-02,"Feb 2020",49,6,228,2.63%
2020-02,"Feb 2020",50,6,228,2.63%
2020-02,"Feb 2020",51,7,228,3.07%
2020-02,"Feb 2020",52,5,228,2.19%
2020-02,"Feb 2020",53,2,228,0.88%
2020-02,"Feb 2020",54,6,228,2.63%
2020-02,"Feb 2020",55,7,228,3.07%
2020-02,"Feb 2020",56,10,228,4.39%
2020-02,"Feb 2020",57,6,228,2.63%
2020-02,"Feb 2020",58,6,228,2.63%
2020-02,"Feb 2020",59,3,228,1.32%
2020-02,"Feb 2020",60,7,228,3.07%
2020-02,"Feb 2020",61,8,228,3.51%
2020-02,"Feb 2020",62,6,228,2.63%
2020-03,"Mar 2020",0,207,207,100.00%
2020-03,"Mar 2020",1,4,207,1.93%
2020-03,"Mar 2020",2,5,207,2.42%
2020-03,"Mar 2020",3,8,207,3.86%
2020-03,"Mar 2020",4,3,207,1.45%
2020-03,"Mar 2020",5,3,207,1.45%
2020-03,"Mar 2020",6,8,207,3.86%
2020-03,"Mar 2020",7,7,207,3.38%
2020-03,"Mar 2020",8,6,207,2.90%
2020-03,"Mar 2020",9,6,207,2.90%
2020-03,"Mar 2020",10,4,207,1.93%
2020-03,"Mar 2020",11,6,207,2.90%
2020-03,"Mar 2020",12,5,207,2.42%
2020-03,"Mar 2020",13,4,207,1.93%
2020-03,"Mar 2020",14,7,207,3.38%
2020-03,"Mar 2020",15,6,207,2.90%
2020-03,"Mar 2020",16,7,207,3.38%
2020-03,"Mar 2020",17,7,207,3.38%
2020-03,"Mar 2020",18,7,207,3.38%
2020-03,"Mar 2020",19,3,207,1.45%
2020-03,"Mar 2020",20,7,207,3.38%
2020-03,"Mar 2020",21,9,207,4.35%
2020-03,"Mar 2020",22,2,207,0.97%
2020-03,"Mar 2020",23,2,207,0.97%
2020-03,"Mar 2020",24,4,207,1.93%
2020-03,"Mar 2020",25,3,207,1.45%
2020-03,"Mar 2020",26,3,207,1.45%
2020-03,"Mar 2020",27,4,207,1.93%
2020-03,"Mar 2020",28,8,207,3.86%
2020-03,"Mar 2020",29,5,207,2.42%
2020-03,"Mar 2020",30,3,207,1.45%
2020-03,"Mar 2020",31,4,207,1.93%
2020-03,"Mar 2020",32,3,207,1.45%
2020-03,"Mar 2020",33,7,207,3.38%
2020-03,"Mar 2020",34,10,207,4.83%
2020-03,"Mar 2020",35,3,207,1.45%
2020-03,"Mar 2020",36,10,207,4.83%
2020-03,"Mar 2020",37,5,207,2.42%
2020-03,"Mar 2020",38,4,207,1.93%
2020-03,"Mar 2020",39,9,207,4.35%
2020-03,"Mar 2020",40,5,207,2.42%
2020-03,"Mar 2020",41,4,207,1.93%
2020-03,"Mar 2020",42,6,207,2.90%
2020-03,"Mar 2020",43,6,207,2.90%
2020-03,"Mar 2020",44,1,207,0.48%
2020-03,"Mar 2020",45,5,207,2.42%
2020-03,"Mar 2020",46,5,207,2.42%
2020-03,"Mar 2020",47,3,207,1.45%
2020-03,"Mar 2020",48,9,207,4.35%
2020-03,"Mar 2020",49,7,207,3.38%
2020-03,"Mar 2020",50,1,207,0.48%
2020-03,"Mar 2020",51,1,207,0.48%
2020-03,"Mar 2020",52,5,207,2.42%
2020-03,"Mar 2020",53,6,207,2.90%
2020-03,"Mar 2020",54,4,207,1.93%
2020-03,"Mar 2020",55,5,207,2.42%
2020-03,"Mar 2020",56,7,207,3.38%
2020-03,"Mar 2020",57,3,207,1.45%
2020-03,"Mar 2020",58,6,207,2.90%
2020-03,"Mar 2020",59,7,207,3.38%
2020-03,"Mar 2020",61,6,207,2.90%
2020-04,"Apr 2020",0,200,200,100.00%
2020-04,"Apr 2020",1,3,200,1.50%
2020-04,"Apr 2020",2,12,200,6.00%
2020-04,"Apr 2020",3,5,200,2.50%
2020-04,"Apr 2020",4,6,200,3.00%
2020-04,"Apr 2020",5,2,200,1.00%
2020-04,"Apr 2020",6,5,200,2.50%
2020-04,"Apr 2020",7,8,200,4.00%
2020-04,"Apr 2020",8,6,200,3.00%
2020-04,"Apr 2020",9,8,200,4.00%
2020-04,"Apr 2020",10,3,200,1.50%
2020-04,"Apr 2020",11,5,200,2.50%
2020-04,"Apr 2020",12,5,200,2.50%
2020-04,"Apr 2020",13,7,200,3.50%
2020-04,"Apr 2020",14,8,200,4.00%
2020-04,"Apr 2020",15,4,200,2.00%
2020-04,"Apr 2020",16,3,200,1.50%
2020-04,"Apr 2020",17,3,200,1.50%
2020-04,"Apr 2020",18,5,200,2.50%
2020-04,"Apr 2020",19,8,200,4.00%
2020-04,"Apr 2020",20,5,200,2.50%
2020-04,"Apr 2020",21,6,200,3.00%
2020-04,"Apr 2020",22,6,200,3.00%
2020-04,"Apr 2020",23,4,200,2.00%
2020-04,"Apr 2020",24,4,200,2.00%
2020-04,"Apr 2020",25,5,200,2.50%
2020-04,"Apr 2020",26,5,200,2.50%
2020-04,"Apr 2020",27,4,200,2.00%
2020-04,"Apr 2020",28,4,200,2.00%
2020-04,"Apr 2020",29,1,200,0.50%
2020-04,"Apr 2020",30,5,200,2.50%
2020-04,"Apr 2020",31,5,200,2.50%
2020-04,"Apr 2020",32,3,200,1.50%
2020-04,"Apr 2020",33,1,200,0.50%
2020-04,"Apr 2020",34,4,200,2.00%
2020-04,"Apr 2020",35,4,200,2.00%
2020-04,"Apr 2020",36,3,200,1.50%
2020-04,"Apr 2020",37,1,200,0.50%
2020-04,"Apr 2020",38,6,200,3.00%
2020-04,"Apr 2020",39,3,200,1.50%
2020-04,"Apr 2020",40,3,200,1.50%
2020-04,"Apr 2020",41,8,200,4.00%
2020-04,"Apr 2020",42,5,200,2.50%
2020-04,"Apr 2020",43,8,200,4.00%
2020-04,"Apr 2020",44,9,200,4.50%
2020-04,"Apr 2020",45,8,200,4.00%
2020-04,"Apr 2020",46,4,200,2.00%
2020-04,"Apr 2020",47,7,200,3.50%
2020-04,"Apr 2020",48,6,200,3.00%
2020-04,"Apr 2020",49,5,200,2.50%
2020-04,"Apr 2020",50,6,200,3.00%
2020-04,"Apr 2020",51,3,200,1.50%
2020-04,"Apr 2020",52,3,200,1.50%
2020-04,"Apr 2020",53,7,200,3.50%
2020-04,"Apr 2020",54,3,200,1.50%
2020-04,"Apr 2020",55,8,200,4.00%
2020-04,"Apr 2020",56,4,200,2.00%
2020-04,"Apr 2020",57,6,200,3.00%
2020-04,"Apr 2020",59,8,200,4.00%
2020-04,"Apr 2020",60,1,200,0.50%
2020-05,"May 2020",0,209,209,100.00%
2020-05,"May 2020",1,6,209,2.87%
2020-05,"May 2020",2,9,209,4.31%
2020-05,"May 2020",3,1,209,0.48%
2020-05,"May 2020",4,9,209,4.31%
2020-05,"May 2020",5,8,209,3.83%
2020-05,"May 2020",6,4,209,1.91%
2020-05,"May 2020",7,8,209,3.83%
2020-05,"May 2020",8,8,209,3.83%
2020-05,"May 2020",9,2,209,0.96%
2020-05,"May 2020",10,5,209,2.39%
2020-05,"May 2020",11,6,209,2.87%
2020-05,"May 2020",12,5,209,2.39%
2020-05,"May 2020",13,4,209,1.91%
2020-05,"May 2020",14,5,209,2.39%
2020-05,"May 2020",15,8,209,3.83%
2020-05,"May 2020",16,5,209,2.39%
2020-05,"May 2020",17,4,209,1.91%
2020-05,"May 2020",18,5,209,2.39%
2020-05,"May 2020",19,4,209,1.91%
2020-05,"May 2020",20,4,209,1.91%
2020-05,"May 2020",21,4,209,1.91%
2020-05,"May 2020",22,8,209,3.83%
2020-05,"May 2020",23,2,209,0.96%
2020-05,"May 2020",24,3,209,1.44%
2020-05,"May 2020",25,7,209,3.35%
2020-05,"May 2020",26,8,209,3.83%
2020-05,"May 2020",27,7,209,3.35%
2020-05,"May 2020",28,4,209,1.91%
2020-05,"May 2020",29,6,209,2.87%
2020-05,"May 2020",30,4,209,1.91%
2020-05,"May 2020",31,7,209,3.35%
2020-05,"May 2020",32,7,209,3.35%
2020-05,"May 2020",33,5,209,2.39%
2020-05,"May 2020",34,9,209,4.31%
2020-05,"May 2020",35,4,209,1.91%
2020-05,"May 2020",36,6,209,2.87%
2020-05,"May 2020",37,10,209,4.78%
2020-05,"May 2020",38,7,209,3.35%
2020-05,"May 2020",39,2,209,0.96%
2020-05,"May 2020",40,4,209,1.91%
2020-05,"May 2020",41,4,209,1.91%
2020-05,"May 2020",42,2,209,0.96%
2020-05,"May 2020",43,6,209,2.87%
2020-05,"May 2020",44,2,209,0.96%
2020-05,"May 2020",45,9,209,4.31%
2020-05,"May 2020",46,2,209,0.96%
2020-05,"May 2020",47,3,209,1.44%
2020-05,"May 2020",48,9,209,4.31%
2020-05,"May 2020",49,8,209,3.83%
2020-05,"May 2020",50,6,209,2.87%
2020-05,"May 2020",51,4,209,1.91%
2020-05,"May 2020",52,2,209,0.96%
2020-05,"May 2020",53,5,209,2.39%
2020-05,"May 2020",54,6,209,2.87%
2020-05,"May 2020",55,5,209,2.39%
2020-05,"May 2020",56,7,209,3.35%
2020-05,"May 2020",57,2,209,0.96%
2020-05,"May 2020",58,8,209,3.83%
2020-05,"May 2020",59,3,209,1.44%
2020-06,"Jun 2020",0,208,208,100.00%
2020-06,"Jun 2020",1,8,208,3.85%
2020-06,"Jun 2020",2,7,208,3.37%
2020-06,"Jun 2020",3,6,208,2.88%
2020-06,"Jun 2020",4,4,208,1.92%
2020-06,"Jun 2020",5,5,208,2.40%
2020-06,"Jun 2020",6,8,208,3.85%
2020-06,"Jun 2020",7,6,208,2.88%
2020-06,"Jun 2020",8,5,208,2.40%
2020-06,"Jun 2020",9,6,208,2.88%
2020-06,"Jun 2020",10,8,208,3.85%
2020-06,"Jun 2020",11,3,208,1.44%
2020-06,"Jun 2020",13,8,208,3.85%
2020-06,"Jun 2020",14,7,208,3.37%
2020-06,"Jun 2020",15,5,208,2.40%
2020-06,"Jun 2020",16,5,208,2.40%
2020-06,"Jun 2020",17,4,208,1.92%
2020-06,"Jun 2020",18,5,208,2.40%
2020-06,"Jun 2020",19,4,208,1.92%
2020-06,"Jun 2020",20,4,208,1.92%
2020-06,"Jun 2020",21,1,208,0.48%
2020-06,"Jun 2020",22,5,208,2.40%
2020-06,"Jun 2020",23,4,208,1.92%
2020-06,"Jun 2020",24,7,208,3.37%
2020-06,"Jun 2020",25,3,208,1.44%
2020-06,"Jun 2020",26,6,208,2.88%
2020-06,"Jun 2020",27,5,208,2.40%
2020-06,"Jun 2020",28,8,208,3.85%
2020-06,"Jun 2020",29,3,208,1.44%
2020-06,"Jun 2020",30,9,208,4.33%
2020-06,"Jun 2020",31,4,208,1.92%
2020-06,"Jun 2020",32,5,208,2.40%
2020-06,"Jun 2020",33,12,208,5.77%
2020-06,"Jun 2020",34,9,208,4.33%
2020-06,"Jun 2020",35,6,208,2.88%
2020-06,"Jun 2020",36,3,208,1.44%
2020-06,"Jun 2020",37,1,208,0.48%
2020-06,"Jun 2020",38,7,208,3.37%
2020-06,"Jun 2020",39,4,208,1.92%
2020-06,"Jun 2020",40,7,208,3.37%
2020-06,"Jun 2020",41,4,208,1.92%
2020-06,"Jun 2020",42,3,208,1.44%
2020-06,"Jun 2020",43,8,208,3.85%
2020-06,"Jun 2020",44,7,208,3.37%
2020-06,"Jun 2020",45,7,208,3.37%
2020-06,"Jun 2020",46,5,208,2.40%
2020-06,"Jun 2020",47,9,208,4.33%
2020-06,"Jun 2020",48,7,208,3.37%
2020-06,"Jun 2020",49,4,208,1.92%
2020-06,"Jun 2020",50,3,208,1.44%
2020-06,"Jun 2020",51,5,208,2.40%
2020-06,"Jun 2020",52,9,208,4.33%
2020-06,"Jun 2020",53,5,208,2.40%
2020-06,"Jun 2020",54,4,208,1.92%
2020-06,"Jun 2020",55,3,208,1.44%
2020-06,"Jun 2020",56,8,208,3.85%
2020-06,"Jun 2020",57,6,208,2.88%
2020-06,"Jun 2020",58,2,208,0.96%
2020-07,"Jul 2020",0,206,206,100.00%
2020-07,"Jul 2020",1,9,206,4.37%
2020-07,"Jul 2020",2,2,206,0.97%
2020-07,"Jul 2020",3,3,206,1.46%
2020-07,"Jul 2020",4,2,206,0.97%
2020-07,"Jul 2020",5,6,206,2.91%
2020-07,"Jul 2020",6,7,206,3.40%
2020-07,"Jul 2020",7,5,206,2.43%
2020-07,"Jul 2020",8,5,206,2.43%
2020-07,"Jul 2020",9,5,206,2.43%
2020-07,"Jul 2020",10,11,206,5.34%
2020-07,"Jul 2020",11,3,206,1.46%
2020-07,"Jul 2020",12,4,206,1.94%
2020-07,"Jul 2020",13,6,206,2.91%
2020-07,"Jul 2020",14,6,206,2.91%
2020-07,"Jul 2020",15,7,206,3.40%
2020-07,"Jul 2020",16,5,206,2.43%
2020-07,"Jul 2020",17,6,206,2.91%
2020-07,"Jul 2020",18,6,206,2.91%
2020-07,"Jul 2020",19,4,206,1.94%
2020-07,"Jul 2020",20,4,206,1.94%
2020-07,"Jul 2020",21,5,206,2.43%
2020-07,"Jul 2020",22,6,206,2.91%
2020-07,"Jul 2020",23,6,206,2.91%
2020-07,"Jul 2020",24,8,206,3.88%
2020-07,"Jul 2020",25,2,206,0.97%
2020-07,"Jul 2020",26,9,206,4.37%
2020-07,"Jul 2020",27,4,206,1.94%
2020-07,"Jul 2020",28,3,206,1.46%
2020-07,"Jul 2020",29,7,206,3.40%
2020-07,"Jul 2020",30,7,206,3.40%
2020-07,"Jul 2020",31,1,206,0.49%
2020-07,"Jul 2020",32,3,206,1.46%
2020-07,"Jul 2020",33,3,206,1.46%
2020-07,"Jul 2020",34,7,206,3.40%
2020-07,"Jul 2020",35,6,206,2.91%
2020-07,"Jul 2020",36,8,206,3.88%
2020-07,"Jul 2020",37,8,206,3.88%
2020-07,"Jul 2020",38,8,206,3.88%
2020-07,"Jul 2020",39,4,206,1.94%
2020-07,"Jul 2020",40,2,206,0.97%
2020-07,"Jul 2020",41,4,206,1.94%
2020-07,"Jul 2020",42,4,206,1.94%
2020-07,"Jul 2020",43,8,206,3.88%
2020-07,"Jul 2020",44,4,206,1.94%
2020-07,"Jul 2020",45,7,206,3.40%
2020-07,"Jul 2020",46,5,206,2.43%
2020-07,"Jul 2020",47,2,206,0.97%
2020-07,"Jul 2020",48,9,206,4.37%
2020-07,"Jul 2020",49,2,206,0.97%
2020-07,"Jul 2020",50,4,206,1.94%
2020-07,"Jul 2020",51,5,206,2.43%
2020-07,"Jul 2020",52,6,206,2.91%
2020-07,"Jul 2020",53,8,206,3.88%
2020-07,"Jul 2020",54,5,206,2.43%
2020-07,"Jul 2020",55,3,206,1.46%
2020-07,"Jul 2020",56,8,206,3.88%
2020-08,"Aug 2020",0,190,190,100.00%
2020-08,"Aug 2020",1,4,190,2.11%
2020-08,"Aug 2020",2,3,190,1.58%
2020-08,"Aug 2020",3,5,190,2.63%
2020-08,"Aug 2020",4,8,190,4.21%
2020-08,"Aug 2020",5,13,190,6.84%
2020-08,"Aug 2020",6,6,190,3.16%
2020-08,"Aug 2020",7,3,190,1.58%
2020-08,"Aug 2020",8,6,190,3.16%
2020-08,"Aug 2020",9,3,190,1.58%
2020-08,"Aug 2020",10,6,190,3.16%
2020-08,"Aug 2020",11,3,190,1.58%
2020-08,"Aug 2020",12,3,190,1.58%
2020-08,"Aug 2020",13,9,190,4.74%
2020-08,"Aug 2020",14,4,190,2.11%
2020-08,"Aug 2020",15,6,190,3.16%
2020-08,"Aug 2020",16,2,190,1.05%
2020-08,"Aug 2020",17,6,190,3.16%
2020-08,"Aug 2020",18,3,190,1.58%
2020-08,"Aug 2020",19,3,190,1.58%
2020-08,"Aug 2020",20,2,190,1.05%
2020-08,"Aug 2020",21,3,190,1.58%
2020-08,"Aug 2020",22,8,190,4.21%
2020-08,"Aug 2020",23,6,190,3.16%
2020-08,"Aug 2020",24,3,190,1.58%
2020-08,"Aug 2020",25,4,190,2.11%
2020-08,"Aug 2020",26,4,190,2.11%
2020-08,"Aug 2020",27,2,190,1.05%
2020-08,"Aug 2020",28,4,190,2.11%
2020-08,"Aug 2020",29,3,190,1.58%
2020-08,"Aug 2020",30,6,190,3.16%
2020-08,"Aug 2020",31,1,190,0.53%
2020-08,"Aug 2020",32,3,190,1.58%
2020-08,"Aug 2020",33,5,190,2.63%
2020-08,"Aug 2020",34,2,190,1.05%
2020-08,"Aug 2020",35,2,190,1.05%
2020-08,"Aug 2020",36,6,190,3.16%
2020-08,"Aug 2020",37,7,190,3.68%
2020-08,"Aug 2020",38,10,190,5.26%
2020-08,"Aug 2020",39,4,190,2.11%
2020-08,"Aug 2020",40,3,190,1.58%
2020-08,"Aug 2020",41,8,190,4.21%
2020-08,"Aug 2020",42,5,190,2.63%
2020-08,"Aug 2020",43,4,190,2.11%
2020-08,"Aug 2020",44,6,190,3.16%
2020-08,"Aug 2020",45,3,190,1.58%
2020-08,"Aug 2020",46,3,190,1.58%
2020-08,"Aug 2020",47,5,190,2.63%
2020-08,"Aug 2020",48,4,190,2.11%
2020-08,"Aug 2020",49,2,190,1.05%
2020-08,"Aug 2020",50,8,190,4.21%
2020-08,"Aug 2020",51,4,190,2.11%
2020-08,"Aug 2020",52,3,190,1.58%
2020-08,"Aug 2020",53,4,190,2.11%
2020-08,"Aug 2020",54,8,190,4.21%
2020-08,"Aug 2020",55,8,190,4.21%
2020-08,"Aug 2020",56,3,190,1.58%
2020-09,"Sep 2020",0,162,162,100.00%
2020-09,"Sep 2020",1,3,162,1.85%
2020-09,"Sep 2020",2,6,162,3.70%
2020-09,"Sep 2020",3,2,162,1.23%
2020-09,"Sep 2020",4,5,162,3.09%
2020-09,"Sep 2020",5,5,162,3.09%
2020-09,"Sep 2020",6,3,162,1.85%
2020-09,"Sep 2020",7,5,162,3.09%
2020-09,"Sep 2020",8,3,162,1.85%
2020-09,"Sep 2020",9,4,162,2.47%
2020-09,"Sep 2020",10,2,162,1.23%
2020-09,"Sep 2020",11,7,162,4.32%
2020-09,"Sep 2020",12,4,162,2.47%
2020-09,"Sep 2020",13,2,162,1.23%
2020-09,"Sep 2020",14,7,162,4.32%
2020-09,"Sep 2020",15,5,162,3.09%
2020-09,"Sep 2020",16,7,162,4.32%
2020-09,"Sep 2020",17,2,162,1.23%
2020-09,"Sep 2020",18,9,162,5.56%
2020-09,"Sep 2020",19,4,162,2.47%
2020-09,"Sep 2020",20,2,162,1.23%
2020-09,"Sep 2020",21,6,162,3.70%
2020-09,"Sep 2020",22,5,162,3.09%
2020-09,"Sep 2020",23,4,162,2.47%
2020-09,"Sep 2020",24,3,162,1.85%
2020-09,"Sep 2020",25,9,162,5.56%
2020-09,"Sep 2020",26,5,162,3.09%
2020-09,"Sep 2020",27,4,162,2.47%
2020-09,"Sep 2020",28,6,162,3.70%
2020-09,"Sep 2020",29,3,162,1.85%
2020-09,"Sep 2020",30,5,162,3.09%
2020-09,"Sep 2020",31,2,162,1.23%
2020-09,"Sep 2020",32,5,162,3.09%
2020-09,"Sep 2020",33,9,162,5.56%
2020-09,"Sep 2020",34,5,162,3.09%
2020-09,"Sep 2020",35,6,162,3.70%
2020-09,"Sep 2020",36,4,162,2.47%
2020-09,"Sep 2020",37,5,162,3.09%
2020-09,"Sep 2020",38,5,162,3.09%
2020-09,"Sep 2020",39,5,162,3.09%
2020-09,"Sep 2020",40,5,162,3.09%
2020-09,"Sep 2020",41,3,162,1.85%
2020-09,"Sep 2020",42,4,162,2.47%
2020-09,"Sep 2020",43,3,162,1.85%
2020-09,"Sep 2020",44,7,162,4.32%
2020-09,"Sep 2020",45,5,162,3.09%
2020-09,"Sep 2020",46,3,162,1.85%
2020-09,"Sep 2020",47,3,162,1.85%
2020-09,"Sep 2020",48,3,162,1.85%
2020-09,"Sep 2020",49,4,162,2.47%
2020-09,"Sep 2020",50,1,162,0.62%
2020-09,"Sep 2020",51,3,162,1.85%
2020-09,"Sep 2020",52,5,162,3.09%
2020-09,"Sep 2020",53,3,162,1.85%
2020-09,"Sep 2020",54,1,162,0.62%
2020-09,"Sep 2020",55,3,162,1.85%
2020-10,"Oct 2020",0,179,179,100.00%
2020-10,"Oct 2020",1,2,179,1.12%
2020-10,"Oct 2020",2,4,179,2.23%
2020-10,"Oct 2020",3,6,179,3.35%
2020-10,"Oct 2020",4,7,179,3.91%
2020-10,"Oct 2020",5,7,179,3.91%
2020-10,"Oct 2020",6,4,179,2.23%
2020-10,"Oct 2020",7,3,179,1.68%
2020-10,"Oct 2020",8,4,179,2.23%
2020-10,"Oct 2020",9,3,179,1.68%
2020-10,"Oct 2020",10,5,179,2.79%
2020-10,"Oct 2020",11,1,179,0.56%
2020-10,"Oct 2020",12,8,179,4.47%
2020-10,"Oct 2020",13,5,179,2.79%
2020-10,"Oct 2020",14,7,179,3.91%
2020-10,"Oct 2020",15,4,179,2.23%
2020-10,"Oct 2020",16,6,179,3.35%
2020-10,"Oct 2020",17,4,179,2.23%
2020-10,"Oct 2020",18,5,179,2.79%
2020-10,"Oct 2020",19,2,179,1.12%
2020-10,"Oct 2020",20,8,179,4.47%
2020-10,"Oct 2020",21,1,179,0.56%
2020-10,"Oct 2020",22,3,179,1.68%
2020-10,"Oct 2020",23,2,179,1.12%
2020-10,"Oct 2020",24,5,179,2.79%
2020-10,"Oct 2020",25,3,179,1.68%
2020-10,"Oct 2020",26,7,179,3.91%
2020-10,"Oct 2020",27,10,179,5.59%
2020-10,"Oct 2020",28,2,179,1.12%
2020-10,"Oct 2020",29,7,179,3.91%
2020-10,"Oct 2020",30,2,179,1.12%
2020-10,"Oct 2020",31,8,179,4.47%
2020-10,"Oct 2020",32,4,179,2.23%
2020-10,"Oct 2020",33,2,179,1.12%
2020-10,"Oct 2020",34,2,179,1.12%
2020-10,"Oct 2020",35,1,179,0.56%
2020-10,"Oct 2020",36,7,179,3.91%
2020-10,"Oct 2020",37,3,179,1.68%
2020-10,"Oct 2020",38,3,179,1.68%
2020-10,"Oct 2020",39,4,179,2.23%
2020-10,"Oct 2020",40,5,179,2.79%
2020-10,"Oct 2020",41,3,179,1.68%
2020-10,"Oct 2020",42,6,179,3.35%
2020-10,"Oct 2020",43,3,179,1.68%
2020-10,"Oct 2020",44,7,179,3.91%
2020-10,"Oct 2020",45,4,179,2.23%
2020-10,"Oct 2020",46,1,179,0.56%
2020-10,"Oct 2020",47,1,179,0.56%
2020-10,"Oct 2020",48,1,179,0.56%
2020-10,"Oct 2020",50,5,179,2.79%
2020-10,"Oct 2020",51,5,179,2.79%
2020-10,"Oct 2020",52,5,179,2.79%
2020-10,"Oct 2020",53,8,179,4.47%
2020-11,"Nov 2020",0,174,174,100.00%
2020-11,"Nov 2020",1,1,174,0.57%
2020-11,"Nov 2020",2,3,174,1.72%
2020-11,"Nov 2020",3,6,174,3.45%
2020-11,"Nov 2020",4,4,174,2.30%
2020-11,"Nov 2020",5,8,174,4.60%
2020-11,"Nov 2020",6,2,174,1.15%
2020-11,"Nov 2020",7,8,174,4.60%
2020-11,"Nov 2020",8,5,174,2.87%
2020-11,"Nov 2020",9,10,174,5.75%
2020-11,"Nov 2020",10,5,174,2.87%
2020-11,"Nov 2020",11,5,174,2.87%
2020-11,"Nov 2020",12,6,174,3.45%
2020-11,"Nov 2020",13,6,174,3.45%
2020-11,"Nov 2020",14,2,174,1.15%
2020-11,"Nov 2020",15,4,174,2.30%
2020-11,"Nov 2020",16,6,174,3.45%
2020-11,"Nov 2020",17,5,174,2.87%
2020-11,"Nov 2020",18,6,174,3.45%
2020-11,"Nov 2020",19,7,174,4.02%
2020-11,"Nov 2020",20,7,174,4.02%
2020-11,"Nov 2020",21,4,174,2.30%
2020-11,"Nov 2020",22,6,174,3.45%
2020-11,"Nov 2020",23,6,174,3.45%
2020-11,"Nov 2020",24,5,174,2.87%
2020-11,"Nov 2020",25,5,174,2.87%
2020-11,"Nov 2020",26,3,174,1.72%
2020-11,"Nov 2020",27,4,174,2.30%
2020-11,"Nov 2020",28,5,174,2.87%
2020-11,"Nov 2020",29,4,174,2.30%
2020-11,"Nov 2020",30,2,174,1.15%
2020-11,"Nov 2020",31,8,174,4.60%
2020-11,"Nov 2020",32,3,174,1.72%
2020-11,"Nov 2020",33,5,174,2.87%
2020-11,"Nov 2020",34,4,174,2.30%
2020-11,"Nov 2020",35,5,174,2.87%
2020-11,"Nov 2020",36,6,174,3.45%
2020-11,"Nov 2020",37,9,174,5.17%
2020-11,"Nov 2020",38,6,174,3.45%
2020-11,"Nov 2020",39,5,174,2.87%
2020-11,"Nov 2020",40,4,174,2.30%
2020-11,"Nov 2020",41,6,174,3.45%
2020-11,"Nov 2020",42,1,174,0.57%
2020-11,"Nov 2020",43,4,174,2.30%
2020-11,"Nov 2020",44,3,174,1.72%
2020-11,"Nov 2020",45,2,174,1.15%
2020-11,"Nov 2020",46,1,174,0.57%
2020-11,"Nov 2020",47,5,174,2.87%
2020-11,"Nov 2020",48,1,174,0.57%
2020-11,"Nov 2020",49,3,174,1.72%
2020-11,"Nov 2020",50,5,174,2.87%
2020-11,"Nov 2020",51,3,174,1.72%
2020-11,"Nov 2020",52,7,174,4.02%
2020-12,"Dec 2020",0,198,198,100.00%
2020-12,"Dec 2020",1,6,198,3.03%
2020-12,"Dec 2020",2,6,198,3.03%
2020-12,"Dec 2020",3,6,198,3.03%
2020-12,"Dec 2020",4,5,198,2.53%
2020-12,"Dec 2020",5,7,198,3.54%
2020-12,"Dec 2020",6,7,198,3.54%
2020-12,"Dec 2020",7,4,198,2.02%
2020-12,"Dec 2020",8,6,198,3.03%
2020-12,"Dec 2020",9,1,198,0.51%
2020-12,"Dec 2020",10,9,198,4.55%
2020-12,"Dec 2020",11,5,198,2.53%
2020-12,"Dec 2020",12,3,198,1.52%
2020-12,"Dec 2020",13,2,198,1.01%
2020-12,"Dec 2020",14,8,198,4.04%
2020-12,"Dec 2020",15,6,198,3.03%
2020-12,"Dec 2020",16,7,198,3.54%
2020-12,"Dec 2020",17,5,198,2.53%
2020-12,"Dec 2020",18,4,198,2.02%
2020-12,"Dec 2020",19,4,198,2.02%
2020-12,"Dec 2020",20,4,198,2.02%
2020-12,"Dec 2020",21,2,198,1.01%
2020-12,"Dec 2020",22,4,198,2.02%
2020-12,"Dec 2020",23,4,198,2.02%
2020-12,"Dec 2020",24,4,198,2.02%
2020-12,"Dec 2020",25,6,198,3.03%
2020-12,"Dec 2020",26,5,198,2.53%
2020-12,"Dec 2020",27,7,198,3.54%
2020-12,"Dec 2020",28,3,198,1.52%
2020-12,"Dec 2020",29,7,198,3.54%
2020-12,"Dec 2020",30,3,198,1.52%
2020-12,"Dec 2020",31,3,198,1.52%
2020-12,"Dec 2020",32,4,198,2.02%
2020-12,"Dec 2020",33,8,198,4.04%
2020-12,"Dec 2020",34,9,198,4.55%
2020-12,"Dec 2020",35,5,198,2.53%
2020-12,"Dec 2020",36,5,198,2.53%
2020-12,"Dec 2020",37,8,198,4.04%
2020-12,"Dec 2020",38,6,198,3.03%
2020-12,"Dec 2020",39,5,198,2.53%
2020-12,"Dec 2020",40,5,198,2.53%
2020-12,"Dec 2020",41,8,198,4.04%
2020-12,"Dec 2020",42,2,198,1.01%
2020-12,"Dec 2020",43,6,198,3.03%
2020-12,"Dec 2020",44,4,198,2.02%
2020-12,"Dec 2020",45,3,198,1.52%
2020-12,"Dec 2020",46,4,198,2.02%
2020-12,"Dec 2020",48,4,198,2.02%
2020-12,"Dec 2020",49,5,198,2.53%
2020-12,"Dec 2020",50,2,198,1.01%
2020-12,"Dec 2020",51,8,198,4.04%
2020-12,"Dec 2020",52,4,198,2.02%
2021-01,"Jan 2021",0,164,164,100.00%
2021-01,"Jan 2021",1,5,164,3.05%
2021-01,"Jan 2021",2,7,164,4.27%
2021-01,"Jan 2021",3,7,164,4.27%
2021-01,"Jan 2021",4,2,164,1.22%
2021-01,"Jan 2021",5,1,164,0.61%
2021-01,"Jan 2021",6,4,164,2.44%
2021-01,"Jan 2021",7,7,164,4.27%
2021-01,"Jan 2021",8,5,164,3.05%
2021-01,"Jan 2021",9,8,164,4.88%
2021-01,"Jan 2021",10,7,164,4.27%
2021-01,"Jan 2021",11,4,164,2.44%
2021-01,"Jan 2021",12,3,164,1.83%
2021-01,"Jan 2021",13,3,164,1.83%
2021-01,"Jan 2021",14,5,164,3.05%
2021-01,"Jan 2021",15,5,164,3.05%
2021-01,"Jan 2021",16,3,164,1.83%
2021-01,"Jan 2021",17,2,164,1.22%
2021-01,"Jan 2021",18,3,164,1.83%
2021-01,"Jan 2021",19,7,164,4.27%
2021-01,"Jan 2021",20,7,164,4.27%
2021-01,"Jan 2021",21,2,164,1.22%
2021-01,"Jan 2021",22,7,164,4.27%
2021-01,"Jan 2021",23,3,164,1.83%
2021-01,"Jan 2021",24,4,164,2.44%
2021-01,"Jan 2021",25,6,164,3.66%
2021-01,"Jan 2021",26,1,164,0.61%
2021-01,"Jan 2021",27,3,164,1.83%
2021-01,"Jan 2021",28,4,164,2.44%
2021-01,"Jan 2021",29,5,164,3.05%
2021-01,"Jan 2021",30,6,164,3.66%
2021-01,"Jan 2021",31,7,164,4.27%
2021-01,"Jan 2021",32,9,164,5.49%
2021-01,"Jan 2021",33,2,164,1.22%
2021-01,"Jan 2021",34,5,164,3.05%
2021-01,"Jan 2021",35,3,164,1.83%
2021-01,"Jan 2021",36,2,164,1.22%
2021-01,"Jan 2021",37,3,164,1.83%
2021-01,"Jan 2021",38,4,164,2.44%
2021-01,"Jan 2021",39,6,164,3.66%
2021-01,"Jan 2021",40,6,164,3.66%
2021-01,"Jan 2021",41,6,164,3.66%
2021-01,"Jan 2021",42,2,164,1.22%
2021-01,"Jan 2021",43,5,164,3.05%
2021-01,"Jan 2021",44,4,164,2.44%
2021-01,"Jan 2021",45,3,164,1.83%
2021-01,"Jan 2021",46,6,164,3.66%
2021-01,"Jan 2021",47,3,164,1.83%
2021-01,"Jan 2021",48,3,164,1.83%
2021-01,"Jan 2021",49,2,164,1.22%
2021-01,"Jan 2021",50,4,164,2.44%
2021-01,"Jan 2021",51,2,164,1.22%
2021-02,"Feb 2021",0,142,142,100.00%
2021-02,"Feb 2021",1,2,142,1.41%
2021-02,"Feb 2021",2,2,142,1.41%
2021-02,"Feb 2021",3,4,142,2.82%
2021-02,"Feb 2021",4,3,142,2.11%
2021-02,"Feb 2021",5,3,142,2.11%
2021-02,"Feb 2021",6,4,142,2.82%
2021-02,"Feb 2021",7,6,142,4.23%
2021-02,"Feb 2021",8,1,142,0.70%
2021-02,"Feb 2021",9,2,142,1.41%
2021-02,"Feb 2021",10,3,142,2.11%
2021-02,"Feb 2021",11,3,142,2.11%
2021-02,"Feb 2021",12,4,142,2.82%
2021-02,"Feb 2021",13,4,142,2.82%
2021-02,"Feb 2021",14,2,142,1.41%
2021-02,"Feb 2021",15,3,142,2.11%
2021-02,"Feb 2021",16,5,142,3.52%
2021-02,"Feb 2021",17,5,142,3.52%
2021-02,"Feb 2021",18,9,142,6.34%
2021-02,"Feb 2021",19,4,142,2.82%
2021-02,"Feb 2021",20,4,142,2.82%
2021-02,"Feb 2021",21,8,142,5.63%
2021-02,"Feb 2021",22,5,142,3.52%
2021-02,"Feb 2021",23,4,142,2.82%
2021-02,"Feb 2021",24,1,142,0.70%
2021-02,"Feb 2021",25,1,142,0.70%
2021-02,"Feb 2021",26,3,142,2.11%
2021-02,"Feb 2021",27,11,142,7.75%
2021-02,"Feb 2021",28,7,142,4.93%
2021-02,"Feb 2021",29,4,142,2.82%
2021-02,"Feb 2021",30,7,142,4.93%
2021-02,"Feb 2021",31,6,142,4.23%
2021-02,"Feb 2021",32,1,142,0.70%
2021-02,"Feb 2021",33,7,142,4.93%
2021-02,"Feb 2021",34,1,142,0.70%
2021-02,"Feb 2021",35,6,142,4.23%
2021-02,"Feb 2021",36,5,142,3.52%
2021-02,"Feb 2021",37,1,142,0.70%
2021-02,"Feb 2021",38,3,142,2.11%
2021-02,"Feb 2021",39,5,142,3.52%
2021-02,"Feb 2021",40,2,142,1.41%
2021-02,"Feb 2021",41,5,142,3.52%
2021-02,"Feb 2021",42,3,142,2.11%
2021-02,"Feb 2021",43,5,142,3.52%
2021-02,"Feb 2021",44,2,142,1.41%
2021-02,"Feb 2021",45,3,142,2.11%
2021-02,"Feb 2021",46,5,142,3.52%
2021-02,"Feb 2021",47,4,142,2.82%
2021-02,"Feb 2021",48,2,142,1.41%
2021-02,"Feb 2021",49,6,142,4.23%
2021-02,"Feb 2021",50,1,142,0.70%
2021-03,"Mar 2021",0,155,155,100.00%
2021-03,"Mar 2021",1,1,155,0.65%
2021-03,"Mar 2021",2,2,155,1.29%
2021-03,"Mar 2021",3,4,155,2.58%
2021-03,"Mar 2021",4,3,155,1.94%
2021-03,"Mar 2021",5,3,155,1.94%
2021-03,"Mar 2021",6,6,155,3.87%
2021-03,"Mar 2021",7,4,155,2.58%
2021-03,"Mar 2021",8,3,155,1.94%
2021-03,"Mar 2021",9,3,155,1.94%
2021-03,"Mar 2021",10,4,155,2.58%
2021-03,"Mar 2021",11,4,155,2.58%
2021-03,"Mar 2021",12,2,155,1.29%
2021-03,"Mar 2021",13,2,155,1.29%
2021-03,"Mar 2021",14,8,155,5.16%
2021-03,"Mar 2021",15,5,155,3.23%
2021-03,"Mar 2021",16,7,155,4.52%
2021-03,"Mar 2021",17,5,155,3.23%
2021-03,"Mar 2021",18,11,155,7.10%
2021-03,"Mar 2021",19,7,155,4.52%
2021-03,"Mar 2021",20,7,155,4.52%
2021-03,"Mar 2021",21,6,155,3.87%
2021-03,"Mar 2021",22,6,155,3.87%
2021-03,"Mar 2021",23,3,155,1.94%
2021-03,"Mar 2021",24,6,155,3.87%
2021-03,"Mar 2021",25,4,155,2.58%
2021-03,"Mar 2021",26,5,155,3.23%
2021-03,"Mar 2021",27,5,155,3.23%
2021-03,"Mar 2021",28,5,155,3.23%
2021-03,"Mar 2021",29,4,155,2.58%
2021-03,"Mar 2021",30,2,155,1.29%
2021-03,"Mar 2021",31,3,155,1.94%
2021-03,"Mar 2021",32,3,155,1.94%
2021-03,"Mar 2021",33,5,155,3.23%
2021-03,"Mar 2021",34,3,155,1.94%
2021-03,"Mar 2021",35,2,155,1.29%
2021-03,"Mar 2021",36,6,155,3.87%
2021-03,"Mar 2021",37,3,155,1.94%
2021-03,"Mar 2021",38,4,155,2.58%
2021-03,"Mar 2021",39,4,155,2.58%
2021-03,"Mar 2021",40,5,155,3.23%
2021-03,"Mar 2021",41,3,155,1.94%
2021-03,"Mar 2021",42,8,155,5.16%
2021-03,"Mar 2021",43,3,155,1.94%
2021-03,"Mar 2021",44,5,155,3.23%
2021-03,"Mar 2021",45,5,155,3.23%
2021-03,"Mar 2021",46,5,155,3.23%
2021-03,"Mar 2021",47,5,155,3.23%
2021-03,"Mar 2021",48,3,155,1.94%
2021-03,"Mar 2021",49,2,155,1.29%
2021-04,"Apr 2021",0,156,156,100.00%
2021-04,"Apr 2021",1,7,156,4.49%
2021-04,"Apr 2021",2,5,156,3.21%
2021-04,"Apr 2021",3,5,156,3.21%
2021-04,"Apr 2021",4,5,156,3.21%
2021-04,"Apr 2021",5,4,156,2.56%
2021-04,"Apr 2021",6,4,156,2.56%
2021-04,"Apr 2021",7,6,156,3.85%
2021-04,"Apr 2021",8,4,156,2.56%
2021-04,"Apr 2021",9,1,156,0.64%
2021-04,"Apr 2021",10,3,156,1.92%
2021-04,"Apr 2021",11,1,156,0.64%
2021-04,"Apr 2021",12,2,156,1.28%
2021-04,"Apr 2021",13,5,156,3.21%
2021-04,"Apr 2021",14,3,156,1.92%
2021-04,"Apr 2021",15,5,156,3.21%
2021-04,"Apr 2021",16,3,156,1.92%
2021-04,"Apr 2021",17,3,156,1.92%
2021-04,"Apr 2021",18,4,156,2.56%
2021-04,"Apr 2021",19,5,156,3.21%
2021-04,"Apr 2021",20,2,156,1.28%
2021-04,"Apr 2021",21,6,156,3.85%
2021-04,"Apr 2021",22,4,156,2.56%
2021-04,"Apr 2021",23,1,156,0.64%
2021-04,"Apr 2021",24,1,156,0.64%
2021-04,"Apr 2021",25,5,156,3.21%
2021-04,"Apr 2021",26,1,156,0.64%
2021-04,"Apr 2021",27,2,156,1.28%
2021-04,"Apr 2021",28,3,156,1.92%
2021-04,"Apr 2021",29,5,156,3.21%
2021-04,"Apr 2021",30,3,156,1.92%
2021-04,"Apr 2021",31,5,156,3.21%
2021-04,"Apr 2021",32,4,156,2.56%
2021-04,"Apr 2021",33,1,156,0.64%
2021-04,"Apr 2021",34,5,156,3.21%
2021-04,"Apr 2021",35,5,156,3.21%
2021-04,"Apr 2021",36,5,156,3.21%
2021-04,"Apr 2021",37,3,156,1.92%
2021-04,"Apr 2021",38,5,156,3.21%
2021-04,"Apr 2021",39,2,156,1.28%
2021-04,"Apr 2021",40,3,156,1.92%
2021-04,"Apr 2021",41,7,156,4.49%
2021-04,"Apr 2021",42,6,156,3.85%
2021-04,"Apr 2021",43,4,156,2.56%
2021-04,"Apr 2021",44,2,156,1.28%
2021-04,"Apr 2021",45,2,156,1.28%
2021-04,"Apr 2021",46,2,156,1.28%
2021-04,"Apr 2021",47,5,156,3.21%
2021-04,"Apr 2021",48,2,156,1.28%
2021-05,"May 2021",0,145,145,100.00%
2021-05,"May 2021",1,2,145,1.38%
2021-05,"May 2021",2,3,145,2.07%
2021-05,"May 2021",3,3,145,2.07%
2021-05,"May 2021",4,1,145,0.69%
2021-05,"May 2021",5,3,145,2.07%
2021-05,"May 2021",6,7,145,4.83%
2021-05,"May 2021",7,3,145,2.07%
2021-05,"May 2021",8,5,145,3.45%
2021-05,"May 2021",9,3,145,2.07%
2021-05,"May 2021",10,7,145,4.83%
2021-05,"May 2021",11,4,145,2.76%
2021-05,"May 2021",12,1,145,0.69%
2021-05,"May 2021",13,4,145,2.76%
2021-05,"May 2021",14,2,145,1.38%
2021-05,"May 2021",15,5,145,3.45%
2021-05,"May 2021",16,3,145,2.07%
2021-05,"May 2021",17,1,145,0.69%
2021-05,"May 2021",18,1,145,0.69%
2021-05,"May 2021",19,3,145,2.07%
2021-05,"May 2021",20,5,145,3.45%
2021-05,"May 2021",21,1,145,0.69%
2021-05,"May 2021",22,2,145,1.38%
2021-05,"May 2021",23,7,145,4.83%
2021-05,"May 2021",24,3,145,2.07%
2021-05,"May 2021",25,5,145,3.45%
2021-05,"May 2021",26,3,145,2.07%
2021-05,"May 2021",27,3,145,2.07%
2021-05,"May 2021",28,1,145,0.69%
2021-05,"May 2021",29,3,145,2.07%
2021-05,"May 2021",30,5,145,3.45%
2021-05,"May 2021",31,2,145,1.38%
2021-05,"May 2021",32,6,145,4.14%
2021-05,"May 2021",33,1,145,0.69%
2021-05,"May 2021",34,1,145,0.69%
2021-05,"May 2021",35,3,145,2.07%
2021-05,"May 2021",36,1,145,0.69%
2021-05,"May 2021",37,7,145,4.83%
2021-05,"May 2021",38,4,145,2.76%
2021-05,"May 2021",39,9,145,6.21%
2021-05,"May 2021",40,1,145,0.69%
2021-05,"May 2021",41,6,145,4.14%
2021-05,"May 2021",42,4,145,2.76%
2021-05,"May 2021",43,3,145,2.07%
2021-05,"May 2021",44,2,145,1.38%
2021-05,"May 2021",45,1,145,0.69%
2021-05,"May 2021",46,3,145,2.07%
2021-05,"May 2021",47,3,145,2.07%
2021-06,"Jun 2021",0,181,181,100.00%
2021-06,"Jun 2021",1,7,181,3.87%
2021-06,"Jun 2021",2,3,181,1.66%
2021-06,"Jun 2021",3,7,181,3.87%
2021-06,"Jun 2021",4,6,181,3.31%
2021-06,"Jun 2021",5,4,181,2.21%
2021-06,"Jun 2021",6,3,181,1.66%
2021-06,"Jun 2021",7,1,181,0.55%
2021-06,"Jun 2021",8,6,181,3.31%
2021-06,"Jun 2021",9,8,181,4.42%
2021-06,"Jun 2021",10,7,181,3.87%
2021-06,"Jun 2021",11,3,181,1.66%
2021-06,"Jun 2021",12,2,181,1.10%
2021-06,"Jun 2021",13,7,181,3.87%
2021-06,"Jun 2021",14,1,181,0.55%
2021-06,"Jun 2021",15,6,181,3.31%
2021-06,"Jun 2021",16,4,181,2.21%
2021-06,"Jun 2021",17,6,181,3.31%
2021-06,"Jun 2021",18,8,181,4.42%
2021-06,"Jun 2021",19,3,181,1.66%
2021-06,"Jun 2021",20,4,181,2.21%
2021-06,"Jun 2021",21,4,181,2.21%
2021-06,"Jun 2021",22,4,181,2.21%
2021-06,"Jun 2021",23,6,181,3.31%
2021-06,"Jun 2021",24,1,181,0.55%
2021-06,"Jun 2021",25,8,181,4.42%
2021-06,"Jun 2021",26,3,181,1.66%
2021-06,"Jun 2021",27,7,181,3.87%
2021-06,"Jun 2021",28,4,181,2.21%
2021-06,"Jun 2021",29,7,181,3.87%
2021-06,"Jun 2021",30,3,181,1.66%
2021-06,"Jun 2021",31,2,181,1.10%
2021-06,"Jun 2021",32,3,181,1.66%
2021-06,"Jun 2021",33,5,181,2.76%
2021-06,"Jun 2021",34,6,181,3.31%
2021-06,"Jun 2021",35,5,181,2.76%
2021-06,"Jun 2021",36,2,181,1.10%
2021-06,"Jun 2021",37,4,181,2.21%
2021-06,"Jun 2021",38,6,181,3.31%
2021-06,"Jun 2021",39,5,181,2.76%
2021-06,"Jun 2021",40,5,181,2.76%
2021-06,"Jun 2021",41,6,181,3.31%
2021-06,"Jun 2021",42,4,181,2.21%
2021-06,"Jun 2021",43,8,181,4.42%
2021-06,"Jun 2021",44,3,181,1.66%
2021-06,"Jun 2021",45,6,181,3.31%
2021-06,"Jun 2021",46,4,181,2.21%
2021-07,"Jul 2021",0,126,126,100.00%
2021-07,"Jul 2021",1,3,126,2.38%
2021-07,"Jul 2021",2,3,126,2.38%
2021-07,"Jul 2021",3,6,126,4.76%
2021-07,"Jul 2021",4,3,126,2.38%
2021-07,"Jul 2021",5,3,126,2.38%
2021-07,"Jul 2021",6,3,126,2.38%
2021-07,"Jul 2021",8,3,126,2.38%
2021-07,"Jul 2021",9,6,126,4.76%
2021-07,"Jul 2021",10,4,126,3.17%
2021-07,"Jul 2021",11,3,126,2.38%
2021-07,"Jul 2021",12,3,126,2.38%
2021-07,"Jul 2021",13,2,126,1.59%
2021-07,"Jul 2021",14,8,126,6.35%
2021-07,"Jul 2021",15,5,126,3.97%
2021-07,"Jul 2021",16,5,126,3.97%
2021-07,"Jul 2021",17,2,126,1.59%
2021-07,"Jul 2021",18,2,126,1.59%
2021-07,"Jul 2021",19,5,126,3.97%
2021-07,"Jul 2021",20,1,126,0.79%
2021-07,"Jul 2021",21,1,126,0.79%
2021-07,"Jul 2021",22,3,126,2.38%
2021-07,"Jul 2021",23,3,126,2.38%
2021-07,"Jul 2021",24,3,126,2.38%
2021-07,"Jul 2021",25,4,126,3.17%
2021-07,"Jul 2021",27,3,126,2.38%
2021-07,"Jul 2021",28,3,126,2.38%
2021-07,"Jul 2021",29,4,126,3.17%
2021-07,"Jul 2021",30,7,126,5.56%
2021-07,"Jul 2021",31,2,126,1.59%
2021-07,"Jul 2021",32,4,126,3.17%
2021-07,"Jul 2021",33,6,126,4.76%
2021-07,"Jul 2021",34,4,126,3.17%
2021-07,"Jul 2021",35,4,126,3.17%
2021-07,"Jul 2021",37,2,126,1.59%
2021-07,"Jul 2021",38,4,126,3.17%
2021-07,"Jul 2021",39,3,126,2.38%
2021-07,"Jul 2021",40,5,126,3.97%
2021-07,"Jul 2021",41,3,126,2.38%
2021-07,"Jul 2021",42,2,126,1.59%
2021-07,"Jul 2021",43,1,126,0.79%
2021-07,"Jul 2021",44,3,126,2.38%
2021-07,"Jul 2021",45,3,126,2.38%
2021-08,"Aug 2021",0,143,143,100.00%
2021-08,"Aug 2021",1,2,143,1.40%
2021-08,"Aug 2021",2,4,143,2.80%
2021-08,"Aug 2021",3,6,143,4.20%
2021-08,"Aug 2021",4,5,143,3.50%
2021-08,"Aug 2021",5,3,143,2.10%
2021-08,"Aug 2021",6,3,143,2.10%
2021-08,"Aug 2021",7,6,143,4.20%
2021-08,"Aug 2021",8,3,143,2.10%
2021-08,"Aug 2021",9,6,143,4.20%
2021-08,"Aug 2021",10,4,143,2.80%
2021-08,"Aug 2021",11,4,143,2.80%
2021-08,"Aug 2021",12,6,143,4.20%
2021-08,"Aug 2021",13,7,143,4.90%
2021-08,"Aug 2021",14,4,143,2.80%
2021-08,"Aug 2021",15,5,143,3.50%
2021-08,"Aug 2021",16,7,143,4.90%
2021-08,"Aug 2021",17,2,143,1.40%
2021-08,"Aug 2021",18,1,143,0.70%
2021-08,"Aug 2021",19,7,143,4.90%
2021-08,"Aug 2021",20,3,143,2.10%
2021-08,"Aug 2021",21,4,143,2.80%
2021-08,"Aug 2021",22,4,143,2.80%
2021-08,"Aug 2021",23,4,143,2.80%
2021-08,"Aug 2021",24,2,143,1.40%
2021-08,"Aug 2021",25,4,143,2.80%
2021-08,"Aug 2021",26,4,143,2.80%
2021-08,"Aug 2021",27,5,143,3.50%
2021-08,"Aug 2021",28,4,143,2.80%
2021-08,"Aug 2021",29,5,143,3.50%
2021-08,"Aug 2021",30,7,143,4.90%
2021-08,"Aug 2021",31,1,143,0.70%
2021-08,"Aug 2021",32,3,143,2.10%
2021-08,"Aug 2021",33,2,143,1.40%
2021-08,"Aug 2021",34,2,143,1.40%
2021-08,"Aug 2021",35,3,143,2.10%
2021-08,"Aug 2021",36,3,143,2.10%
2021-08,"Aug 2021",37,4,143,2.80%
2021-08,"Aug 2021",38,1,143,0.70%
2021-08,"Aug 2021",39,5,143,3.50%
2021-08,"Aug 2021",40,3,143,2.10%
2021-08,"Aug 2021",42,7,143,4.90%
2021-08,"Aug 2021",43,5,143,3.50%
2021-08,"Aug 2021",44,3,143,2.10%
2021-09,"Sep 2021",0,149,149,100.00%
2021-09,"Sep 2021",1,2,149,1.34%
2021-09,"Sep 2021",2,1,149,0.67%
2021-09,"Sep 2021",3,5,149,3.36%
2021-09,"Sep 2021",4,4,149,2.68%
2021-09,"Sep 2021",5,5,149,3.36%
2021-09,"Sep 2021",6,10,149,6.71%
2021-09,"Sep 2021",7,3,149,2.01%
2021-09,"Sep 2021",8,4,149,2.68%
2021-09,"Sep 2021",9,4,149,2.68%
2021-09,"Sep 2021",10,4,149,2.68%
2021-09,"Sep 2021",11,4,149,2.68%
2021-09,"Sep 2021",12,1,149,0.67%
2021-09,"Sep 2021",13,8,149,5.37%
2021-09,"Sep 2021",14,7,149,4.70%
2021-09,"Sep 2021",15,5,149,3.36%
2021-09,"Sep 2021",16,3,149,2.01%
2021-09,"Sep 2021",17,2,149,1.34%
2021-09,"Sep 2021",18,6,149,4.03%
2021-09,"Sep 2021",19,2,149,1.34%
2021-09,"Sep 2021",20,5,149,3.36%
2021-09,"Sep 2021",21,5,149,3.36%
2021-09,"Sep 2021",22,6,149,4.03%
2021-09,"Sep 2021",23,4,149,2.68%
2021-09,"Sep 2021",24,3,149,2.01%
2021-09,"Sep 2021",25,3,149,2.01%
2021-09,"Sep 2021",26,4,149,2.68%
2021-09,"Sep 2021",27,7,149,4.70%
2021-09,"Sep 2021",28,7,149,4.70%
2021-09,"Sep 2021",29,7,149,4.70%
2021-09,"Sep 2021",30,4,149,2.68%
2021-09,"Sep 2021",31,2,149,1.34%
2021-09,"Sep 2021",32,4,149,2.68%
2021-09,"Sep 2021",33,3,149,2.01%
2021-09,"Sep 2021",34,6,149,4.03%
2021-09,"Sep 2021",35,3,149,2.01%
2021-09,"Sep 2021",36,5,149,3.36%
2021-09,"Sep 2021",37,4,149,2.68%
2021-09,"Sep 2021",38,4,149,2.68%
2021-09,"Sep 2021",39,4,149,2.68%
2021-09,"Sep 2021",40,4,149,2.68%
2021-09,"Sep 2021",41,2,149,1.34%
2021-09,"Sep 2021",43,3,149,2.01%
2021-10,"Oct 2021",0,123,123,100.00%
2021-10,"Oct 2021",1,3,123,2.44%
2021-10,"Oct 2021",2,4,123,3.25%
2021-10,"Oct 2021",3,3,123,2.44%
2021-10,"Oct 2021",4,5,123,4.07%
2021-10,"Oct 2021",5,2,123,1.63%
2021-10,"Oct 2021",6,4,123,3.25%
2021-10,"Oct 2021",7,7,123,5.69%
2021-10,"Oct 2021",8,2,123,1.63%
2021-10,"Oct 2021",9,4,123,3.25%
2021-10,"Oct 2021",10,5,123,4.07%
2021-10,"Oct 2021",11,3,123,2.44%
2021-10,"Oct 2021",12,1,123,0.81%
2021-10,"Oct 2021",13,5,123,4.07%
2021-10,"Oct 2021",14,2,123,1.63%
2021-10,"Oct 2021",15,4,123,3.25%
2021-10,"Oct 2021",16,2,123,1.63%
2021-10,"Oct 2021",17,8,123,6.50%
2021-10,"Oct 2021",18,4,123,3.25%
2021-10,"Oct 2021",19,2,123,1.63%
2021-10,"Oct 2021",20,2,123,1.63%
2021-10,"Oct 2021",21,3,123,2.44%
2021-10,"Oct 2021",22,5,123,4.07%
2021-10,"Oct 2021",23,5,123,4.07%
2021-10,"Oct 2021",24,1,123,0.81%
2021-10,"Oct 2021",25,3,123,2.44%
2021-10,"Oct 2021",26,5,123,4.07%
2021-10,"Oct 2021",27,1,123,0.81%
2021-10,"Oct 2021",28,3,123,2.44%
2021-10,"Oct 2021",29,2,123,1.63%
2021-10,"Oct 2021",30,3,123,2.44%
2021-10,"Oct 2021",31,3,123,2.44%
2021-10,"Oct 2021",32,2,123,1.63%
2021-10,"Oct 2021",33,2,123,1.63%
2021-10,"Oct 2021",34,3,123,2.44%
2021-10,"Oct 2021",35,5,123,4.07%
2021-10,"Oct 2021",36,5,123,4.07%
2021-10,"Oct 2021",37,3,123,2.44%
2021-10,"Oct 2021",38,2,123,1.63%
2021-10,"Oct 2021",39,1,123,0.81%
2021-10,"Oct 2021",40,3,123,2.44%
2021-10,"Oct 2021",41,3,123,2.44%
2021-10,"Oct 2021",42,2,123,1.63%
2021-11,"Nov 2021",0,115,115,100.00%
2021-11,"Nov 2021",1,3,115,2.61%
2021-11,"Nov 2021",2,7,115,6.09%
2021-11,"Nov 2021",3,1,115,0.87%
2021-11,"Nov 2021",4,3,115,2.61%
2021-11,"Nov 2021",5,5,115,4.35%
2021-11,"Nov 2021",6,4,115,3.48%
2021-11,"Nov 2021",7,3,115,2.61%
2021-11,"Nov 2021",8,2,115,1.74%
2021-11,"Nov 2021",9,2,115,1.74%
2021-11,"Nov 2021",10,1,115,0.87%
2021-11,"Nov 2021",11,5,115,4.35%
2021-11,"Nov 2021",12,5,115,4.35%
2021-11,"Nov 2021",13,3,115,2.61%
2021-11,"Nov 2021",14,4,115,3.48%
2021-11,"Nov 2021",15,4,115,3.48%
2021-11,"Nov 2021",16,4,115,3.48%
2021-11,"Nov 2021",17,5,115,4.35%
2021-11,"Nov 2021",18,4,115,3.48%
2021-11,"Nov 2021",19,3,115,2.61%
2021-11,"Nov 2021",20,3,115,2.61%
2021-11,"Nov 2021",21,5,115,4.35%
2021-11,"Nov 2021",22,1,115,0.87%
2021-11,"Nov 2021",23,2,115,1.74%
2021-11,"Nov 2021",24,1,115,0.87%
2021-11,"Nov 2021",25,1,115,0.87%
2021-11,"Nov 2021",26,2,115,1.74%
2021-11,"Nov 2021",27,1,115,0.87%
2021-11,"Nov 2021",28,5,115,4.35%
2021-11,"Nov 2021",29,2,115,1.74%
2021-11,"Nov 2021",30,4,115,3.48%
2021-11,"Nov 2021",32,3,115,2.61%
2021-11,"Nov 2021",34,7,115,6.09%
2021-11,"Nov 2021",35,5,115,4.35%
2021-11,"Nov 2021",36,2,115,1.74%
2021-11,"Nov 2021",37,4,115,3.48%
2021-11,"Nov 2021",38,6,115,5.22%
2021-11,"Nov 2021",39,3,115,2.61%
2021-11,"Nov 2021",40,2,115,1.74%
2021-11,"Nov 2021",41,1,115,0.87%
2021-12,"Dec 2021",0,130,130,100.00%
2021-12,"Dec 2021",1,3,130,2.31%
2021-12,"Dec 2021",2,3,130,2.31%
2021-12,"Dec 2021",3,4,130,3.08%
2021-12,"Dec 2021",4,4,130,3.08%
2021-12,"Dec 2021",5,2,130,1.54%
2021-12,"Dec 2021",6,3,130,2.31%
2021-12,"Dec 2021",7,6,130,4.62%
2021-12,"Dec 2021",8,1,130,0.77%
2021-12,"Dec 2021",9,7,130,5.38%
2021-12,"Dec 2021",10,1,130,0.77%
2021-12,"Dec 2021",11,2,130,1.54%
2021-12,"Dec 2021",13,6,130,4.62%
2021-12,"Dec 2021",14,2,130,1.54%
2021-12,"Dec 2021",15,4,130,3.08%
2021-12,"Dec 2021",16,3,130,2.31%
2021-12,"Dec 2021",17,3,130,2.31%
2021-12,"Dec 2021",18,3,130,2.31%
2021-12,"Dec 2021",19,4,130,3.08%
2021-12,"Dec 2021",20,6,130,4.62%
2021-12,"Dec 2021",21,5,130,3.85%
2021-12,"Dec 2021",22,2,130,1.54%
2021-12,"Dec 2021",23,2,130,1.54%
2021-12,"Dec 2021",24,3,130,2.31%
2021-12,"Dec 2021",25,4,130,3.08%
2021-12,"Dec 2021",26,2,130,1.54%
2021-12,"Dec 2021",28,3,130,2.31%
2021-12,"Dec 2021",29,3,130,2.31%
2021-12,"Dec 2021",30,2,130,1.54%
2021-12,"Dec 2021",31,8,130,6.15%
2021-12,"Dec 2021",32,2,130,1.54%
2021-12,"Dec 2021",33,1,130,0.77%
2021-12,"Dec 2021",34,2,130,1.54%
2021-12,"Dec 2021",35,2,130,1.54%
2021-12,"Dec 2021",36,6,130,4.62%
2021-12,"Dec 2021",37,3,130,2.31%
2021-12,"Dec 2021",38,5,130,3.85%
2021-12,"Dec 2021",39,5,130,3.85%
2021-12,"Dec 2021",40,4,130,3.08%
2022-01,"Jan 2022",0,127,127,100.00%
2022-01,"Jan 2022",1,4,127,3.15%
2022-01,"Jan 2022",2,4,127,3.15%
2022-01,"Jan 2022",3,2,127,1.57%
2022-01,"Jan 2022",4,3,127,2.36%
2022-01,"Jan 2022",5,2,127,1.57%
2022-01,"Jan 2022",6,1,127,0.79%
2022-01,"Jan 2022",7,3,127,2.36%
2022-01,"Jan 2022",8,4,127,3.15%
2022-01,"Jan 2022",9,4,127,3.15%
2022-01,"Jan 2022",10,3,127,2.36%
2022-01,"Jan 2022",11,2,127,1.57%
2022-01,"Jan 2022",12,3,127,2.36%
2022-01,"Jan 2022",13,1,127,0.79%
2022-01,"Jan 2022",14,1,127,0.79%
2022-01,"Jan 2022",15,4,127,3.15%
2022-01,"Jan 2022",16,2,127,1.57%
2022-01,"Jan 2022",17,4,127,3.15%
2022-01,"Jan 2022",18,6,127,4.72%
2022-01,"Jan 2022",19,7,127,5.51%
2022-01,"Jan 2022",20,1,127,0.79%
2022-01,"Jan 2022",21,4,127,3.15%
2022-01,"Jan 2022",22,5,127,3.94%
2022-01,"Jan 2022",23,4,127,3.15%
2022-01,"Jan 2022",25,1,127,0.79%
2022-01,"Jan 2022",26,6,127,4.72%
2022-01,"Jan 2022",27,4,127,3.15%
2022-01,"Jan 2022",28,1,127,0.79%
2022-01,"Jan 2022",29,3,127,2.36%
2022-01,"Jan 2022",30,3,127,2.36%
2022-01,"Jan 2022",31,3,127,2.36%
2022-01,"Jan 2022",32,7,127,5.51%
2022-01,"Jan 2022",33,1,127,0.79%
2022-01,"Jan 2022",34,4,127,3.15%
2022-01,"Jan 2022",35,5,127,3.94%
2022-01,"Jan 2022",36,2,127,1.57%
2022-01,"Jan 2022",37,3,127,2.36%
2022-01,"Jan 2022",38,4,127,3.15%
2022-01,"Jan 2022",39,1,127,0.79%
2022-02,"Feb 2022",0,119,119,100.00%
2022-02,"Feb 2022",1,5,119,4.20%
2022-02,"Feb 2022",2,5,119,4.20%
2022-02,"Feb 2022",3,3,119,2.52%
2022-02,"Feb 2022",4,2,119,1.68%
2022-02,"Feb 2022",5,2,119,1.68%
2022-02,"Feb 2022",6,4,119,3.36%
2022-02,"Feb 2022",7,1,119,0.84%
2022-02,"Feb 2022",8,3,119,2.52%
2022-02,"Feb 2022",9,3,119,2.52%
2022-02,"Feb 2022",10,3,119,2.52%
2022-02,"Feb 2022",11,3,119,2.52%
2022-02,"Feb 2022",12,2,119,1.68%
2022-02,"Feb 2022",13,7,119,5.88%
2022-02,"Feb 2022",14,1,119,0.84%
2022-02,"Feb 2022",15,4,119,3.36%
2022-02,"Feb 2022",16,3,119,2.52%
2022-02,"Feb 2022",17,12,119,10.08%
2022-02,"Feb 2022",18,1,119,0.84%
2022-02,"Feb 2022",19,1,119,0.84%
2022-02,"Feb 2022",20,5,119,4.20%
2022-02,"Feb 2022",21,1,119,0.84%
2022-02,"Feb 2022",22,2,119,1.68%
2022-02,"Feb 2022",23,5,119,4.20%
2022-02,"Feb 2022",24,4,119,3.36%
2022-02,"Feb 2022",25,5,119,4.20%
2022-02,"Feb 2022",26,6,119,5.04%
2022-02,"Feb 2022",27,4,119,3.36%
2022-02,"Feb 2022",28,2,119,1.68%
2022-02,"Feb 2022",29,3,119,2.52%
2022-02,"Feb 2022",30,4,119,3.36%
2022-02,"Feb 2022",31,3,119,2.52%
2022-02,"Feb 2022",32,5,119,4.20%
2022-02,"Feb 2022",34,2,119,1.68%
2022-02,"Feb 2022",35,1,119,0.84%
2022-02,"Feb 2022",36,2,119,1.68%
2022-02,"Feb 2022",37,3,119,2.52%
2022-03,"Mar 2022",0,120,120,100.00%
2022-03,"Mar 2022",1,1,120,0.83%
2022-03,"Mar 2022",2,3,120,2.50%
2022-03,"Mar 2022",3,2,120,1.67%
2022-03,"Mar 2022",4,2,120,1.67%
2022-03,"Mar 2022",5,5,120,4.17%
2022-03,"Mar 2022",6,5,120,4.17%
2022-03,"Mar 2022",7,2,120,1.67%
2022-03,"Mar 2022",8,1,120,0.83%
2022-03,"Mar 2022",9,3,120,2.50%
2022-03,"Mar 2022",10,4,120,3.33%
2022-03,"Mar 2022",11,4,120,3.33%
2022-03,"Mar 2022",12,2,120,1.67%
2022-03,"Mar 2022",13,5,120,4.17%
2022-03,"Mar 2022",14,5,120,4.17%
2022-03,"Mar 2022",15,3,120,2.50%
2022-03,"Mar 2022",16,3,120,2.50%
2022-03,"Mar 2022",17,3,120,2.50%
2022-03,"Mar 2022",18,2,120,1.67%
2022-03,"Mar 2022",19,6,120,5.00%
2022-03,"Mar 2022",20,4,120,3.33%
2022-03,"Mar 2022",21,3,120,2.50%
2022-03,"Mar 2022",22,5,120,4.17%
2022-03,"Mar 2022",23,6,120,5.00%
2022-03,"Mar 2022",24,5,120,4.17%
2022-03,"Mar 2022",25,2,120,1.67%
2022-03,"Mar 2022",26,3,120,2.50%
2022-03,"Mar 2022",27,2,120,1.67%
2022-03,"Mar 2022",28,4,120,3.33%
2022-03,"Mar 2022",29,1,120,0.83%
2022-03,"Mar 2022",30,2,120,1.67%
2022-03,"Mar 2022",31,4,120,3.33%
2022-03,"Mar 2022",32,5,120,4.17%
2022-03,"Mar 2022",33,6,120,5.00%
2022-03,"Mar 2022",34,6,120,5.00%
2022-03,"Mar 2022",35,1,120,0.83%
2022-03,"Mar 2022",36,5,120,4.17%
2022-03,"Mar 2022",37,1,120,0.83%
2022-04,"Apr 2022",0,110,110,100.00%
2022-04,"Apr 2022",1,1,110,0.91%
2022-04,"Apr 2022",2,2,110,1.82%
2022-04,"Apr 2022",3,1,110,0.91%
2022-04,"Apr 2022",4,1,110,0.91%
2022-04,"Apr 2022",5,3,110,2.73%
2022-04,"Apr 2022",6,3,110,2.73%
2022-04,"Apr 2022",7,5,110,4.55%
2022-04,"Apr 2022",9,4,110,3.64%
2022-04,"Apr 2022",10,1,110,0.91%
2022-04,"Apr 2022",11,3,110,2.73%
2022-04,"Apr 2022",12,2,110,1.82%
2022-04,"Apr 2022",13,6,110,5.45%
2022-04,"Apr 2022",14,1,110,0.91%
2022-04,"Apr 2022",15,2,110,1.82%
2022-04,"Apr 2022",16,2,110,1.82%
2022-04,"Apr 2022",17,1,110,0.91%
2022-04,"Apr 2022",18,2,110,1.82%
2022-04,"Apr 2022",19,6,110,5.45%
2022-04,"Apr 2022",20,2,110,1.82%
2022-04,"Apr 2022",21,1,110,0.91%
2022-04,"Apr 2022",22,1,110,0.91%
2022-04,"Apr 2022",23,5,110,4.55%
2022-04,"Apr 2022",24,3,110,2.73%
2022-04,"Apr 2022",25,2,110,1.82%
2022-04,"Apr 2022",27,3,110,2.73%
2022-04,"Apr 2022",28,3,110,2.73%
2022-04,"Apr 2022",29,2,110,1.82%
2022-04,"Apr 2022",30,1,110,0.91%
2022-04,"Apr 2022",31,2,110,1.82%
2022-04,"Apr 2022",32,3,110,2.73%
2022-04,"Apr 2022",33,5,110,4.55%
2022-04,"Apr 2022",34,2,110,1.82%
2022-04,"Apr 2022",35,9,110,8.18%
2022-05,"May 2022",0,120,120,100.00%
2022-05,"May 2022",1,3,120,2.50%
2022-05,"May 2022",2,4,120,3.33%
2022-05,"May 2022",3,2,120,1.67%
2022-05,"May 2022",4,4,120,3.33%
2022-05,"May 2022",5,2,120,1.67%
2022-05,"May 2022",6,2,120,1.67%
2022-05,"May 2022",7,1,120,0.83%
2022-05,"May 2022",8,3,120,2.50%
2022-05,"May 2022",9,3,120,2.50%
2022-05,"May 2022",10,4,120,3.33%
2022-05,"May 2022",11,3,120,2.50%
2022-05,"May 2022",12,1,120,0.83%
2022-05,"May 2022",13,4,120,3.33%
2022-05,"May 2022",14,1,120,0.83%
2022-05,"May 2022",15,3,120,2.50%
2022-05,"May 2022",16,2,120,1.67%
2022-05,"May 2022",17,1,120,0.83%
2022-05,"May 2022",18,5,120,4.17%
2022-05,"May 2022",20,2,120,1.67%
2022-05,"May 2022",21,3,120,2.50%
2022-05,"May 2022",22,8,120,6.67%
2022-05,"May 2022",23,2,120,1.67%
2022-05,"May 2022",24,4,120,3.33%
2022-05,"May 2022",25,1,120,0.83%
2022-05,"May 2022",26,3,120,2.50%
2022-05,"May 2022",27,5,120,4.17%
2022-05,"May 2022",28,2,120,1.67%
2022-05,"May 2022",29,4,120,3.33%
2022-05,"May 2022",30,4,120,3.33%
2022-05,"May 2022",31,4,120,3.33%
2022-05,"May 2022",32,7,120,5.83%
2022-05,"May 2022",33,3,120,2.50%
2022-05,"May 2022",35,2,120,1.67%
2022-06,"Jun 2022",0,120,120,100.00%
2022-06,"Jun 2022",1,1,120,0.83%
2022-06,"Jun 2022",2,1,120,0.83%
2022-06,"Jun 2022",3,1,120,0.83%
2022-06,"Jun 2022",4,3,120,2.50%
2022-06,"Jun 2022",5,3,120,2.50%
2022-06,"Jun 2022",6,1,120,0.83%
2022-06,"Jun 2022",7,1,120,0.83%
2022-06,"Jun 2022",8,2,120,1.67%
2022-06,"Jun 2022",9,4,120,3.33%
2022-06,"Jun 2022",10,7,120,5.83%
2022-06,"Jun 2022",11,2,120,1.67%
2022-06,"Jun 2022",12,6,120,5.00%
2022-06,"Jun 2022",13,2,120,1.67%
2022-06,"Jun 2022",14,4,120,3.33%
2022-06,"Jun 2022",15,2,120,1.67%
2022-06,"Jun 2022",16,4,120,3.33%
2022-06,"Jun 2022",17,1,120,0.83%
2022-06,"Jun 2022",18,3,120,2.50%
2022-06,"Jun 2022",19,4,120,3.33%
2022-06,"Jun 2022",20,5,120,4.17%
2022-06,"Jun 2022",21,2,120,1.67%
2022-06,"Jun 2022",22,2,120,1.67%
2022-06,"Jun 2022",23,2,120,1.67%
2022-06,"Jun 2022",24,3,120,2.50%
2022-06,"Jun 2022",25,5,120,4.17%
2022-06,"Jun 2022",26,4,120,3.33%
2022-06,"Jun 2022",27,2,120,1.67%
2022-06,"Jun 2022",28,1,120,0.83%
2022-06,"Jun 2022",29,3,120,2.50%
2022-06,"Jun 2022",30,4,120,3.33%
2022-06,"Jun 2022",31,3,120,2.50%
2022-06,"Jun 2022",32,3,120,2.50%
2022-06,"Jun 2022",33,1,120,0.83%
2022-06,"Jun 2022",34,2,120,1.67%
2022-07,"Jul 2022",0,118,118,100.00%
2022-07,"Jul 2022",1,6,118,5.08%
2022-07,"Jul 2022",2,2,118,1.69%
2022-07,"Jul 2022",3,5,118,4.24%
2022-07,"Jul 2022",4,2,118,1.69%
2022-07,"Jul 2022",6,5,118,4.24%
2022-07,"Jul 2022",7,3,118,2.54%
2022-07,"Jul 2022",8,4,118,3.39%
2022-07,"Jul 2022",9,3,118,2.54%
2022-07,"Jul 2022",10,2,118,1.69%
2022-07,"Jul 2022",11,2,118,1.69%
2022-07,"Jul 2022",12,1,118,0.85%
2022-07,"Jul 2022",13,5,118,4.24%
2022-07,"Jul 2022",14,2,118,1.69%
2022-07,"Jul 2022",15,3,118,2.54%
2022-07,"Jul 2022",16,4,118,3.39%
2022-07,"Jul 2022",17,5,118,4.24%
2022-07,"Jul 2022",18,4,118,3.39%
2022-07,"Jul 2022",20,2,118,1.69%
2022-07,"Jul 2022",21,1,118,0.85%
2022-07,"Jul 2022",22,3,118,2.54%
2022-07,"Jul 2022",23,2,118,1.69%
2022-07,"Jul 2022",24,4,118,3.39%
2022-07,"Jul 2022",25,4,118,3.39%
2022-07,"Jul 2022",26,5,118,4.24%
2022-07,"Jul 2022",27,4,118,3.39%
2022-07,"Jul 2022",28,3,118,2.54%
2022-07,"Jul 2022",29,3,118,2.54%
2022-07,"Jul 2022",30,6,118,5.08%
2022-07,"Jul 2022",31,1,118,0.85%
2022-07,"Jul 2022",32,2,118,1.69%
2022-08,"Aug 2022",0,111,111,100.00%
2022-08,"Aug 2022",1,3,111,2.70%
2022-08,"Aug 2022",2,7,111,6.31%
2022-08,"Aug 2022",3,2,111,1.80%
2022-08,"Aug 2022",4,3,111,2.70%
2022-08,"Aug 2022",5,7,111,6.31%
2022-08,"Aug 2022",6,3,111,2.70%
2022-08,"Aug 2022",7,3,111,2.70%
2022-08,"Aug 2022",8,3,111,2.70%
2022-08,"Aug 2022",9,1,111,0.90%
2022-08,"Aug 2022",10,5,111,4.50%
2022-08,"Aug 2022",11,2,111,1.80%
2022-08,"Aug 2022",12,3,111,2.70%
2022-08,"Aug 2022",13,6,111,5.41%
2022-08,"Aug 2022",14,7,111,6.31%
2022-08,"Aug 2022",15,3,111,2.70%
2022-08,"Aug 2022",16,3,111,2.70%
2022-08,"Aug 2022",17,5,111,4.50%
2022-08,"Aug 2022",18,4,111,3.60%
2022-08,"Aug 2022",19,3,111,2.70%
2022-08,"Aug 2022",20,1,111,0.90%
2022-08,"Aug 2022",21,4,111,3.60%
2022-08,"Aug 2022",22,1,111,0.90%
2022-08,"Aug 2022",23,2,111,1.80%
2022-08,"Aug 2022",24,2,111,1.80%
2022-08,"Aug 2022",25,2,111,1.80%
2022-08,"Aug 2022",26,6,111,5.41%
2022-08,"Aug 2022",27,4,111,3.60%
2022-08,"Aug 2022",28,2,111,1.80%
2022-08,"Aug 2022",29,5,111,4.50%
2022-08,"Aug 2022",30,1,111,0.90%
2022-08,"Aug 2022",31,3,111,2.70%
2022-08,"Aug 2022",32,2,111,1.80%
2022-09,"Sep 2022",0,104,104,100.00%
2022-09,"Sep 2022",1,2,104,1.92%
2022-09,"Sep 2022",2,1,104,0.96%
2022-09,"Sep 2022",3,3,104,2.88%
2022-09,"Sep 2022",4,3,104,2.88%
2022-09,"Sep 2022",5,2,104,1.92%
2022-09,"Sep 2022",6,2,104,1.92%
2022-09,"Sep 2022",7,3,104,2.88%
2022-09,"Sep 2022",8,2,104,1.92%
2022-09,"Sep 2022",9,1,104,0.96%
2022-09,"Sep 2022",10,3,104,2.88%
2022-09,"Sep 2022",11,3,104,2.88%
2022-09,"Sep 2022",12,3,104,2.88%
2022-09,"Sep 2022",14,1,104,0.96%
2022-09,"Sep 2022",15,1,104,0.96%
2022-09,"Sep 2022",16,1,104,0.96%
2022-09,"Sep 2022",17,2,104,1.92%
2022-09,"Sep 2022",18,3,104,2.88%
2022-09,"Sep 2022",19,1,104,0.96%
2022-09,"Sep 2022",20,4,104,3.85%
2022-09,"Sep 2022",21,4,104,3.85%
2022-09,"Sep 2022",22,4,104,3.85%
2022-09,"Sep 2022",23,2,104,1.92%
2022-09,"Sep 2022",25,3,104,2.88%
2022-09,"Sep 2022",26,1,104,0.96%
2022-09,"Sep 2022",27,1,104,0.96%
2022-09,"Sep 2022",28,4,104,3.85%
2022-09,"Sep 2022",29,1,104,0.96%
2022-09,"Sep 2022",31,2,104,1.92%
2022-10,"Oct 2022",0,92,92,100.00%
2022-10,"Oct 2022",2,1,92,1.09%
2022-10,"Oct 2022",3,1,92,1.09%
2022-10,"Oct 2022",4,2,92,2.17%
2022-10,"Oct 2022",5,7,92,7.61%
2022-10,"Oct 2022",6,2,92,2.17%
2022-10,"Oct 2022",7,3,92,3.26%
2022-10,"Oct 2022",8,2,92,2.17%
2022-10,"Oct 2022",9,2,92,2.17%
2022-10,"Oct 2022",10,6,92,6.52%
2022-10,"Oct 2022",11,6,92,6.52%
2022-10,"Oct 2022",12,4,92,4.35%
2022-10,"Oct 2022",13,3,92,3.26%
2022-10,"Oct 2022",14,3,92,3.26%
2022-10,"Oct 2022",15,3,92,3.26%
2022-10,"Oct 2022",16,1,92,1.09%
2022-10,"Oct 2022",17,4,92,4.35%
2022-10,"Oct 2022",19,2,92,2.17%
2022-10,"Oct 2022",20,1,92,1.09%
2022-10,"Oct 2022",21,3,92,3.26%
2022-10,"Oct 2022",22,3,92,3.26%
2022-10,"Oct 2022",23,3,92,3.26%
2022-10,"Oct 2022",25,3,92,3.26%
2022-10,"Oct 2022",26,2,92,2.17%
2022-10,"Oct 2022",27,1,92,1.09%
2022-10,"Oct 2022",28,2,92,2.17%
2022-10,"Oct 2022",29,2,92,2.17%
2022-11,"Nov 2022",0,99,99,100.00%
2022-11,"Nov 2022",1,1,99,1.01%
2022-11,"Nov 2022",2,5,99,5.05%
2022-11,"Nov 2022",3,1,99,1.01%
2022-11,"Nov 2022",4,6,99,6.06%
2022-11,"Nov 2022",5,3,99,3.03%
2022-11,"Nov 2022",6,2,99,2.02%
2022-11,"Nov 2022",7,5,99,5.05%
2022-11,"Nov 2022",8,6,99,6.06%
2022-11,"Nov 2022",10,4,99,4.04%
2022-11,"Nov 2022",11,3,99,3.03%
2022-11,"Nov 2022",12,2,99,2.02%
2022-11,"Nov 2022",13,3,99,3.03%
2022-11,"Nov 2022",14,2,99,2.02%
2022-11,"Nov 2022",15,4,99,4.04%
2022-11,"Nov 2022",16,2,99,2.02%
2022-11,"Nov 2022",18,6,99,6.06%
2022-11,"Nov 2022",19,4,99,4.04%
2022-11,"Nov 2022",21,2,99,2.02%
2022-11,"Nov 2022",22,3,99,3.03%
2022-11,"Nov 2022",23,3,99,3.03%
2022-11,"Nov 2022",24,4,99,4.04%
2022-11,"Nov 2022",25,4,99,4.04%
2022-11,"Nov 2022",26,5,99,5.05%
2022-11,"Nov 2022",27,3,99,3.03%
2022-11,"Nov 2022",28,4,99,4.04%
2022-11,"Nov 2022",29,2,99,2.02%
2022-12,"Dec 2022",0,80,80,100.00%
2022-12,"Dec 2022",2,3,80,3.75%
2022-12,"Dec 2022",3,2,80,2.50%
2022-12,"Dec 2022",4,2,80,2.50%
2022-12,"Dec 2022",5,1,80,1.25%
2022-12,"Dec 2022",6,3,80,3.75%
2022-12,"Dec 2022",7,1,80,1.25%
2022-12,"Dec 2022",8,3,80,3.75%
2022-12,"Dec 2022",9,7,80,8.75%
2022-12,"Dec 2022",10,3,80,3.75%
2022-12,"Dec 2022",11,2,80,2.50%
2022-12,"Dec 2022",12,2,80,2.50%
2022-12,"Dec 2022",13,1,80,1.25%
2022-12,"Dec 2022",15,1,80,1.25%
2022-12,"Dec 2022",17,2,80,2.50%
2022-12,"Dec 2022",18,2,80,2.50%
2022-12,"Dec 2022",19,2,80,2.50%
2022-12,"Dec 2022",20,2,80,2.50%
2022-12,"Dec 2022",22,2,80,2.50%
2022-12,"Dec 2022",24,3,80,3.75%
2022-12,"Dec 2022",25,1,80,1.25%
2022-12,"Dec 2022",26,3,80,3.75%
2022-12,"Dec 2022",27,3,80,3.75%
2022-12,"Dec 2022",28,2,80,2.50%
2023-01,"Jan 2023",0,99,99,100.00%
2023-01,"Jan 2023",1,2,99,2.02%
2023-01,"Jan 2023",2,1,99,1.01%
2023-01,"Jan 2023",3,2,99,2.02%
2023-01,"Jan 2023",4,4,99,4.04%
2023-01,"Jan 2023",5,4,99,4.04%
2023-01,"Jan 2023",6,5,99,5.05%
2023-01,"Jan 2023",7,2,99,2.02%
2023-01,"Jan 2023",9,4,99,4.04%
2023-01,"Jan 2023",10,2,99,2.02%
2023-01,"Jan 2023",11,1,99,1.01%
2023-01,"Jan 2023",12,1,99,1.01%
2023-01,"Jan 2023",13,3,99,3.03%
2023-01,"Jan 2023",14,3,99,3.03%
2023-01,"Jan 2023",15,3,99,3.03%
2023-01,"Jan 2023",16,2,99,2.02%
2023-01,"Jan 2023",17,1,99,1.01%
2023-01,"Jan 2023",18,2,99,2.02%
2023-01,"Jan 2023",19,4,99,4.04%
2023-01,"Jan 2023",20,2,99,2.02%
2023-01,"Jan 2023",21,4,99,4.04%
2023-01,"Jan 2023",22,4,99,4.04%
2023-01,"Jan 2023",23,5,99,5.05%
2023-01,"Jan 2023",24,2,99,2.02%
2023-01,"Jan 2023",25,3,99,3.03%
2023-01,"Jan 2023",26,1,99,1.01%
2023-01,"Jan 2023",27,1,99,1.01%
2023-02,"Feb 2023",0,94,94,100.00%
2023-02,"Feb 2023",1,2,94,2.13%
2023-02,"Feb 2023",2,5,94,5.32%
2023-02,"Feb 2023",3,4,94,4.26%
2023-02,"Feb 2023",4,3,94,3.19%
2023-02,"Feb 2023",5,1,94,1.06%
2023-02,"Feb 2023",6,4,94,4.26%
2023-02,"Feb 2023",7,5,94,5.32%
2023-02,"Feb 2023",8,2,94,2.13%
2023-02,"Feb 2023",9,3,94,3.19%
2023-02,"Feb 2023",11,2,94,2.13%
2023-02,"Feb 2023",12,2,94,2.13%
2023-02,"Feb 2023",14,1,94,1.06%
2023-02,"Feb 2023",15,2,94,2.13%
2023-02,"Feb 2023",16,1,94,1.06%
2023-02,"Feb 2023",17,1,94,1.06%
2023-02,"Feb 2023",18,2,94,2.13%
2023-02,"Feb 2023",19,2,94,2.13%
2023-02,"Feb 2023",20,3,94,3.19%
2023-02,"Feb 2023",22,2,94,2.13%
2023-02,"Feb 2023",23,1,94,1.06%
2023-02,"Feb 2023",24,3,94,3.19%
2023-02,"Feb 2023",25,3,94,3.19%
2023-02,"Feb 2023",26,1,94,1.06%
2023-03,"Mar 2023",0,82,82,100.00%
2023-03,"Mar 2023",1,1,82,1.22%
2023-03,"Mar 2023",2,3,82,3.66%
2023-03,"Mar 2023",3,3,82,3.66%
2023-03,"Mar 2023",4,1,82,1.22%
2023-03,"Mar 2023",5,3,82,3.66%
2023-03,"Mar 2023",6,2,82,2.44%
2023-03,"Mar 2023",7,2,82,2.44%
2023-03,"Mar 2023",8,2,82,2.44%
2023-03,"Mar 2023",9,4,82,4.88%
2023-03,"Mar 2023",10,1,82,1.22%
2023-03,"Mar 2023",11,3,82,3.66%
2023-03,"Mar 2023",12,2,82,2.44%
2023-03,"Mar 2023",13,1,82,1.22%
2023-03,"Mar 2023",14,3,82,3.66%
2023-03,"Mar 2023",15,1,82,1.22%
2023-03,"Mar 2023",16,1,82,1.22%
2023-03,"Mar 2023",17,1,82,1.22%
2023-03,"Mar 2023",18,1,82,1.22%
2023-03,"Mar 2023",19,2,82,2.44%
2023-03,"Mar 2023",21,1,82,1.22%
2023-03,"Mar 2023",23,1,82,1.22%
2023-03,"Mar 2023",24,3,82,3.66%
2023-03,"Mar 2023",25,2,82,2.44%
2023-04,"Apr 2023",0,85,85,100.00%
2023-04,"Apr 2023",1,3,85,3.53%
2023-04,"Apr 2023",2,2,85,2.35%
2023-04,"Apr 2023",4,4,85,4.71%
2023-04,"Apr 2023",5,2,85,2.35%
2023-04,"Apr 2023",6,2,85,2.35%
2023-04,"Apr 2023",7,2,85,2.35%
2023-04,"Apr 2023",8,3,85,3.53%
2023-04,"Apr 2023",9,2,85,2.35%
2023-04,"Apr 2023",10,1,85,1.18%
2023-04,"Apr 2023",11,3,85,3.53%
2023-04,"Apr 2023",13,3,85,3.53%
2023-04,"Apr 2023",14,3,85,3.53%
2023-04,"Apr 2023",15,2,85,2.35%
2023-04,"Apr 2023",17,1,85,1.18%
2023-04,"Apr 2023",18,4,85,4.71%
2023-04,"Apr 2023",19,3,85,3.53%
2023-04,"Apr 2023",20,3,85,3.53%
2023-04,"Apr 2023",21,1,85,1.18%
2023-04,"Apr 2023",24,1,85,1.18%
2023-05,"May 2023",0,83,83,100.00%
2023-05,"May 2023",1,2,83,2.41%
2023-05,"May 2023",2,1,83,1.20%
2023-05,"May 2023",3,1,83,1.20%
2023-05,"May 2023",4,2,83,2.41%
2023-05,"May 2023",5,4,83,4.82%
2023-05,"May 2023",6,4,83,4.82%
2023-05,"May 2023",7,2,83,2.41%
2023-05,"May 2023",9,2,83,2.41%
2023-05,"May 2023",10,2,83,2.41%
2023-05,"May 2023",11,1,83,1.20%
2023-05,"May 2023",12,4,83,4.82%
2023-05,"May 2023",13,4,83,4.82%
2023-05,"May 2023",14,3,83,3.61%
2023-05,"May 2023",15,1,83,1.20%
2023-05,"May 2023",16,3,83,3.61%
2023-05,"May 2023",18,3,83,3.61%
2023-05,"May 2023",19,1,83,1.20%
2023-05,"May 2023",20,5,83,6.02%
2023-05,"May 2023",21,2,83,2.41%
2023-06,"Jun 2023",0,64,64,100.00%
2023-06,"Jun 2023",1,1,64,1.56%
2023-06,"Jun 2023",2,4,64,6.25%
2023-06,"Jun 2023",3,2,64,3.13%
2023-06,"Jun 2023",6,1,64,1.56%
2023-06,"Jun 2023",7,2,64,3.13%
2023-06,"Jun 2023",8,1,64,1.56%
2023-06,"Jun 2023",10,1,64,1.56%
2023-06,"Jun 2023",11,2,64,3.13%
2023-06,"Jun 2023",12,3,64,4.69%
2023-06,"Jun 2023",14,2,64,3.13%
2023-06,"Jun 2023",15,3,64,4.69%
2023-06,"Jun 2023",16,4,64,6.25%
2023-06,"Jun 2023",18,2,64,3.13%
2023-06,"Jun 2023",19,1,64,1.56%
2023-06,"Jun 2023",21,1,64,1.56%
2023-07,"Jul 2023",0,97,97,100.00%
2023-07,"Jul 2023",1,2,97,2.06%
2023-07,"Jul 2023",2,2,97,2.06%
2023-07,"Jul 2023",3,1,97,1.03%
2023-07,"Jul 2023",4,1,97,1.03%
2023-07,"Jul 2023",5,3,97,3.09%
2023-07,"Jul 2023",6,2,97,2.06%
2023-07,"Jul 2023",7,2,97,2.06%
2023-07,"Jul 2023",8,1,97,1.03%
2023-07,"Jul 2023",10,2,97,2.06%
2023-07,"Jul 2023",12,2,97,2.06%
2023-07,"Jul 2023",14,3,97,3.09%
2023-07,"Jul 2023",15,3,97,3.09%
2023-07,"Jul 2023",16,1,97,1.03%
2023-07,"Jul 2023",18,2,97,2.06%
2023-07,"Jul 2023",19,1,97,1.03%
2023-07,"Jul 2023",20,1,97,1.03%
2023-07,"Jul 2023",21,2,97,2.06%
2023-08,"Aug 2023",0,81,81,100.00%
2023-08,"Aug 2023",1,4,81,4.94%
2023-08,"Aug 2023",3,2,81,2.47%
2023-08,"Aug 2023",5,3,81,3.70%
2023-08,"Aug 2023",6,1,81,1.23%
2023-08,"Aug 2023",8,4,81,4.94%
2023-08,"Aug 2023",9,2,81,2.47%
2023-08,"Aug 2023",10,2,81,2.47%
2023-08,"Aug 2023",11,2,81,2.47%
2023-08,"Aug 2023",12,1,81,1.23%
2023-08,"Aug 2023",13,2,81,2.47%
2023-08,"Aug 2023",14,1,81,1.23%
2023-08,"Aug 2023",15,2,81,2.47%
2023-08,"Aug 2023",16,2,81,2.47%
2023-08,"Aug 2023",17,2,81,2.47%
2023-08,"Aug 2023",18,4,81,4.94%
2023-08,"Aug 2023",19,2,81,2.47%
2023-08,"Aug 2023",20,1,81,1.23%
2023-09,"Sep 2023",0,69,69,100.00%
2023-09,"Sep 2023",1,1,69,1.45%
2023-09,"Sep 2023",2,1,69,1.45%
2023-09,"Sep 2023",4,3,69,4.35%
2023-09,"Sep 2023",5,2,69,2.90%
2023-09,"Sep 2023",6,3,69,4.35%
2023-09,"Sep 2023",7,4,69,5.80%
2023-09,"Sep 2023",8,2,69,2.90%
2023-09,"Sep 2023",10,1,69,1.45%
2023-09,"Sep 2023",11,3,69,4.35%
2023-09,"Sep 2023",12,4,69,5.80%
2023-09,"Sep 2023",15,3,69,4.35%
2023-09,"Sep 2023",16,2,69,2.90%
2023-09,"Sep 2023",17,3,69,4.35%
2023-09,"Sep 2023",18,1,69,1.45%
2023-09,"Sep 2023",19,1,69,1.45%
2023-10,"Oct 2023",0,93,93,100.00%
2023-10,"Oct 2023",1,1,93,1.08%
2023-10,"Oct 2023",3,4,93,4.30%
2023-10,"Oct 2023",4,5,93,5.38%
2023-10,"Oct 2023",5,5,93,5.38%
2023-10,"Oct 2023",6,2,93,2.15%
2023-10,"Oct 2023",7,3,93,3.23%
2023-10,"Oct 2023",8,2,93,2.15%
2023-10,"Oct 2023",10,1,93,1.08%
2023-10,"Oct 2023",11,1,93,1.08%
2023-10,"Oct 2023",12,1,93,1.08%
2023-10,"Oct 2023",13,2,93,2.15%
2023-10,"Oct 2023",14,2,93,2.15%
2023-10,"Oct 2023",15,3,93,3.23%
2023-10,"Oct 2023",16,1,93,1.08%
2023-10,"Oct 2023",17,2,93,2.15%
2023-10,"Oct 2023",18,1,93,1.08%
2023-11,"Nov 2023",0,63,63,100.00%
2023-11,"Nov 2023",1,2,63,3.17%
2023-11,"Nov 2023",4,1,63,1.59%
2023-11,"Nov 2023",5,3,63,4.76%
2023-11,"Nov 2023",7,1,63,1.59%
2023-11,"Nov 2023",8,2,63,3.17%
2023-11,"Nov 2023",9,3,63,4.76%
2023-11,"Nov 2023",10,1,63,1.59%
2023-11,"Nov 2023",11,3,63,4.76%
2023-11,"Nov 2023",14,5,63,7.94%
2023-11,"Nov 2023",15,2,63,3.17%
2023-11,"Nov 2023",16,2,63,3.17%
2023-11,"Nov 2023",17,1,63,1.59%
2023-12,"Dec 2023",0,73,73,100.00%
2023-12,"Dec 2023",1,1,73,1.37%
2023-12,"Dec 2023",4,1,73,1.37%
2023-12,"Dec 2023",5,4,73,5.48%
2023-12,"Dec 2023",6,3,73,4.11%
2023-12,"Dec 2023",7,3,73,4.11%
2023-12,"Dec 2023",9,1,73,1.37%
2023-12,"Dec 2023",10,3,73,4.11%
2023-12,"Dec 2023",11,4,73,5.48%
2023-12,"Dec 2023",12,3,73,4.11%
2023-12,"Dec 2023",13,3,73,4.11%
2023-12,"Dec 2023",14,2,73,2.74%
2023-12,"Dec 2023",15,2,73,2.74%
2023-12,"Dec 2023",16,2,73,2.74%
2024-01,"Jan 2024",0,82,82,100.00%
2024-01,"Jan 2024",1,2,82,2.44%
2024-01,"Jan 2024",2,3,82,3.66%
2024-01,"Jan 2024",3,3,82,3.66%
2024-01,"Jan 2024",4,1,82,1.22%
2024-01,"Jan 2024",5,4,82,4.88%
2024-01,"Jan 2024",6,2,82,2.44%
2024-01,"Jan 2024",7,4,82,4.88%
2024-01,"Jan 2024",8,4,82,4.88%
2024-01,"Jan 2024",9,1,82,1.22%
2024-01,"Jan 2024",10,1,82,1.22%
2024-01,"Jan 2024",12,1,82,1.22%
2024-01,"Jan 2024",13,1,82,1.22%
2024-01,"Jan 2024",15,2,82,2.44%
2024-02,"Feb 2024",0,56,56,100.00%
2024-02,"Feb 2024",1,1,56,1.79%
2024-02,"Feb 2024",2,1,56,1.79%
2024-02,"Feb 2024",4,2,56,3.57%
2024-02,"Feb 2024",6,3,56,5.36%
2024-02,"Feb 2024",7,2,56,3.57%
2024-02,"Feb 2024",8,4,56,7.14%
2024-02,"Feb 2024",9,1,56,1.79%
2024-02,"Feb 2024",10,2,56,3.57%
2024-02,"Feb 2024",13,1,56,1.79%
2024-03,"Mar 2024",0,73,73,100.00%
2024-03,"Mar 2024",1,2,73,2.74%
2024-03,"Mar 2024",2,4,73,5.48%
2024-03,"Mar 2024",3,1,73,1.37%
2024-03,"Mar 2024",4,1,73,1.37%
2024-03,"Mar 2024",5,2,73,2.74%
2024-03,"Mar 2024",6,2,73,2.74%
2024-03,"Mar 2024",7,3,73,4.11%
2024-03,"Mar 2024",8,2,73,2.74%
2024-03,"Mar 2024",9,3,73,4.11%
2024-03,"Mar 2024",10,4,73,5.48%
2024-03,"Mar 2024",11,1,73,1.37%
2024-03,"Mar 2024",12,2,73,2.74%
2024-03,"Mar 2024",13,1,73,1.37%
2024-04,"Apr 2024",0,49,49,100.00%
2024-04,"Apr 2024",1,1,49,2.04%
2024-04,"Apr 2024",2,1,49,2.04%
2024-04,"Apr 2024",5,1,49,2.04%
2024-04,"Apr 2024",7,1,49,2.04%
2024-04,"Apr 2024",9,3,49,6.12%
2024-04,"Apr 2024",10,2,49,4.08%
2024-04,"Apr 2024",11,1,49,2.04%
2024-05,"May 2024",0,70,70,100.00%
2024-05,"May 2024",1,1,70,1.43%
2024-05,"May 2024",2,1,70,1.43%
2024-05,"May 2024",4,3,70,4.29%
2024-05,"May 2024",6,2,70,2.86%
2024-05,"May 2024",7,3,70,4.29%
2024-05,"May 2024",8,1,70,1.43%
2024-05,"May 2024",9,2,70,2.86%
2024-06,"Jun 2024",0,54,54,100.00%
2024-06,"Jun 2024",2,2,54,3.70%
2024-06,"Jun 2024",5,1,54,1.85%
2024-06,"Jun 2024",6,4,54,7.41%
2024-06,"Jun 2024",7,2,54,3.70%
2024-06,"Jun 2024",9,3,54,5.56%
2024-06,"Jun 2024",10,1,54,1.85%
2024-07,"Jul 2024",0,58,58,100.00%
2024-07,"Jul 2024",1,1,58,1.72%
2024-07,"Jul 2024",2,6,58,10.34%
2024-07,"Jul 2024",3,2,58,3.45%
2024-07,"Jul 2024",4,2,58,3.45%
2024-07,"Jul 2024",6,3,58,5.17%
2024-07,"Jul 2024",7,3,58,5.17%
2024-07,"Jul 2024",8,1,58,1.72%
2024-08,"Aug 2024",0,56,56,100.00%
2024-08,"Aug 2024",1,3,56,5.36%
2024-08,"Aug 2024",2,1,56,1.79%
2024-08,"Aug 2024",3,1,56,1.79%
2024-08,"Aug 2024",4,2,56,3.57%
2024-08,"Aug 2024",5,2,56,3.57%
2024-08,"Aug 2024",6,3,56,5.36%
2024-08,"Aug 2024",7,3,56,5.36%
2024-09,"Sep 2024",0,59,59,100.00%
2024-09,"Sep 2024",1,2,59,3.39%
2024-09,"Sep 2024",2,1,59,1.69%
2024-09,"Sep 2024",4,1,59,1.69%
2024-09,"Sep 2024",5,1,59,1.69%
2024-09,"Sep 2024",6,1,59,1.69%
2024-09,"Sep 2024",7,2,59,3.39%
2024-10,"Oct 2024",0,58,58,100.00%
2024-10,"Oct 2024",1,1,58,1.72%
2024-10,"Oct 2024",2,2,58,3.45%
2024-10,"Oct 2024",3,1,58,1.72%
2024-10,"Oct 2024",4,1,58,1.72%
2024-10,"Oct 2024",5,1,58,1.72%
2024-11,"Nov 2024",0,50,50,100.00%
2024-11,"Nov 2024",4,2,50,4.00%
2024-12,"Dec 2024",0,50,50,100.00%
2024-12,"Dec 2024",1,1,50,2.00%
2024-12,"Dec 2024",2,2,50,4.00%
2024-12,"Dec 2024",3,1,50,2.00%
2024-12,"Dec 2024",4,1,50,2.00%
2025-01,"Jan 2025",0,49,49,100.00%
2025-01,"Jan 2025",1,1,49,2.04%
2025-01,"Jan 2025",2,1,49,2.04%
2025-02,"Feb 2025",0,39,39,100.00%
2025-03,"Mar 2025",0,58,58,100.00%
2025-04,"Apr 2025",0,39,39,100.00%
